s3https://eics3.sdcc.bnl.gov:9000/eictest/EPIC/RECO/23.11.0/epic_craterlake/DIS/NC/10x100/minQ2=1/pythia8NCDIS_10x100_minQ2=1_beamEffects_xAngle=-0.025_hiDiv_1.0231.eicrecon.tree.edm4eic.root,731
s3https://eics3.sdcc.bnl.gov:9000/eictest/EPIC/RECO/23.11.0/epic_craterlake/DIS/NC/10x100/minQ2=1/pythia8NCDIS_10x100_minQ2=1_beamEffects_xAngle=-0.025_hiDiv_2.0112.eicrecon.tree.edm4eic.root,731
s3https://eics3.sdcc.bnl.gov:9000/eictest/EPIC/RECO/23.11.0/epic_craterlake/DIS/NC/10x100/minQ2=1/pythia8NCDIS_10x100_minQ2=1_beamEffects_xAngle=-0.025_hiDiv_4.0004.eicrecon.tree.edm4eic.root,731
s3https://eics3.sdcc.bnl.gov:9000/eictest/EPIC/RECO/23.11.0/epic_craterlake/DIS/NC/10x100/minQ2=1/pythia8NCDIS_10x100_minQ2=1_beamEffects_xAngle=-0.025_hiDiv_3.0067.eicrecon.tree.edm4eic.root,731
s3https://eics3.sdcc.bnl.gov:9000/eictest/EPIC/RECO/23.11.0/epic_craterlake/DIS/NC/10x100/minQ2=1/pythia8NCDIS_10x100_minQ2=1_beamEffects_xAngle=-0.025_hiDiv_5.0171.eicrecon.tree.edm4eic.root,731
s3https://eics3.sdcc.bnl.gov:9000/eictest/EPIC/RECO/23.11.0/epic_craterlake/DIS/NC/10x100/minQ2=1/pythia8NCDIS_10x100_minQ2=1_beamEffects_xAngle=-0.025_hiDiv_5.0621.eicrecon.tree.edm4eic.root,731
s3https://eics3.sdcc.bnl.gov:9000/eictest/EPIC/RECO/23.11.0/epic_craterlake/DIS/NC/10x100/minQ2=1/pythia8NCDIS_10x100_minQ2=1_beamEffects_xAngle=-0.025_hiDiv_3.0737.eicrecon.tree.edm4eic.root,731
s3https://eics3.sdcc.bnl.gov:9000/eictest/EPIC/RECO/23.11.0/epic_craterlake/DIS/NC/10x100/minQ2=1/pythia8NCDIS_10x100_minQ2=1_beamEffects_xAngle=-0.025_hiDiv_4.0754.eicrecon.tree.edm4eic.root,731
s3https://eics3.sdcc.bnl.gov:9000/eictest/EPIC/RECO/23.11.0/epic_craterlake/DIS/NC/10x100/minQ2=1/pythia8NCDIS_10x100_minQ2=1_beamEffects_xAngle=-0.025_hiDiv_2.0642.eicrecon.tree.edm4eic.root,731
s3https://eics3.sdcc.bnl.gov:9000/eictest/EPIC/RECO/23.11.0/epic_craterlake/DIS/NC/10x100/minQ2=1/pythia8NCDIS_10x100_minQ2=1_beamEffects_xAngle=-0.025_hiDiv_1.0561.eicrecon.tree.edm4eic.root,731
s3https://eics3.sdcc.bnl.gov:9000/eictest/EPIC/RECO/23.11.0/epic_craterlake/DIS/NC/10x100/minQ2=1/pythia8NCDIS_10x100_minQ2=1_beamEffects_xAngle=-0.025_hiDiv_3.1078.eicrecon.tree.edm4eic.root,731
s3https://eics3.sdcc.bnl.gov:9000/eictest/EPIC/RECO/23.11.0/epic_craterlake/DIS/NC/10x100/minQ2=1/pythia8NCDIS_10x100_minQ2=1_beamEffects_xAngle=-0.025_hiDiv_1.1292.eicrecon.tree.edm4eic.root,731
s3https://eics3.sdcc.bnl.gov:9000/eictest/EPIC/RECO/23.11.0/epic_craterlake/DIS/NC/10x100/minQ2=1/pythia8NCDIS_10x100_minQ2=1_beamEffects_xAngle=-0.025_hiDiv_3.0997.eicrecon.tree.edm4eic.root,731
s3https://eics3.sdcc.bnl.gov:9000/eictest/EPIC/RECO/23.11.0/epic_craterlake/DIS/NC/10x100/minQ2=1/pythia8NCDIS_10x100_minQ2=1_beamEffects_xAngle=-0.025_hiDiv_5.0881.eicrecon.tree.edm4eic.root,731
s3https://eics3.sdcc.bnl.gov:9000/eictest/EPIC/RECO/23.11.0/epic_craterlake/DIS/NC/10x100/minQ2=1/pythia8NCDIS_10x100_minQ2=1_beamEffects_xAngle=-0.025_hiDiv_4.0948.eicrecon.tree.edm4eic.root,731
s3https://eics3.sdcc.bnl.gov:9000/eictest/EPIC/RECO/23.11.0/epic_craterlake/DIS/NC/10x100/minQ2=1/pythia8NCDIS_10x100_minQ2=1_beamEffects_xAngle=-0.025_hiDiv_4.1290.eicrecon.tree.edm4eic.root,731
s3https://eics3.sdcc.bnl.gov:9000/eictest/EPIC/RECO/23.11.0/epic_craterlake/DIS/NC/10x100/minQ2=1/pythia8NCDIS_10x100_minQ2=1_beamEffects_xAngle=-0.025_hiDiv_1.1019.eicrecon.tree.edm4eic.root,731
s3https://eics3.sdcc.bnl.gov:9000/eictest/EPIC/RECO/23.11.0/epic_craterlake/DIS/NC/10x100/minQ2=1/pythia8NCDIS_10x100_minQ2=1_beamEffects_xAngle=-0.025_hiDiv_5.1359.eicrecon.tree.edm4eic.root,731
s3https://eics3.sdcc.bnl.gov:9000/eictest/EPIC/RECO/23.11.0/epic_craterlake/DIS/NC/10x100/minQ2=1/pythia8NCDIS_10x100_minQ2=1_beamEffects_xAngle=-0.025_hiDiv_1.0756.eicrecon.tree.edm4eic.root,731
s3https://eics3.sdcc.bnl.gov:9000/eictest/EPIC/RECO/23.11.0/epic_craterlake/DIS/NC/10x100/minQ2=1/pythia8NCDIS_10x100_minQ2=1_beamEffects_xAngle=-0.025_hiDiv_5.0416.eicrecon.tree.edm4eic.root,731
s3https://eics3.sdcc.bnl.gov:9000/eictest/EPIC/RECO/23.11.0/epic_craterlake/DIS/NC/10x100/minQ2=1/pythia8NCDIS_10x100_minQ2=1_beamEffects_xAngle=-0.025_hiDiv_3.0500.eicrecon.tree.edm4eic.root,731
s3https://eics3.sdcc.bnl.gov:9000/eictest/EPIC/RECO/23.11.0/epic_craterlake/DIS/NC/10x100/minQ2=1/pythia8NCDIS_10x100_minQ2=1_beamEffects_xAngle=-0.025_hiDiv_4.0563.eicrecon.tree.edm4eic.root,731
s3https://eics3.sdcc.bnl.gov:9000/eictest/EPIC/RECO/23.11.0/epic_craterlake/DIS/NC/10x100/minQ2=1/pythia8NCDIS_10x100_minQ2=1_beamEffects_xAngle=-0.025_hiDiv_2.0475.eicrecon.tree.edm4eic.root,731
s3https://eics3.sdcc.bnl.gov:9000/eictest/EPIC/RECO/23.11.0/epic_craterlake/DIS/NC/10x100/minQ2=1/pythia8NCDIS_10x100_minQ2=1_beamEffects_xAngle=-0.025_hiDiv_2.0325.eicrecon.tree.edm4eic.root,731
s3https://eics3.sdcc.bnl.gov:9000/eictest/EPIC/RECO/23.11.0/epic_craterlake/DIS/NC/10x100/minQ2=1/pythia8NCDIS_10x100_minQ2=1_beamEffects_xAngle=-0.025_hiDiv_4.0233.eicrecon.tree.edm4eic.root,731
s3https://eics3.sdcc.bnl.gov:9000/eictest/EPIC/RECO/23.11.0/epic_craterlake/DIS/NC/10x100/minQ2=1/pythia8NCDIS_10x100_minQ2=1_beamEffects_xAngle=-0.025_hiDiv_3.0250.eicrecon.tree.edm4eic.root,731
s3https://eics3.sdcc.bnl.gov:9000/eictest/EPIC/RECO/23.11.0/epic_craterlake/DIS/NC/10x100/minQ2=1/pythia8NCDIS_10x100_minQ2=1_beamEffects_xAngle=-0.025_hiDiv_5.0346.eicrecon.tree.edm4eic.root,731
s3https://eics3.sdcc.bnl.gov:9000/eictest/EPIC/RECO/23.11.0/epic_craterlake/DIS/NC/10x100/minQ2=1/pythia8NCDIS_10x100_minQ2=1_beamEffects_xAngle=-0.025_hiDiv_2.0399.eicrecon.tree.edm4eic.root,731
s3https://eics3.sdcc.bnl.gov:9000/eictest/EPIC/RECO/23.11.0/epic_craterlake/DIS/NC/10x100/minQ2=1/pythia8NCDIS_10x100_minQ2=1_beamEffects_xAngle=-0.025_hiDiv_1.0006.eicrecon.tree.edm4eic.root,731
s3https://eics3.sdcc.bnl.gov:9000/eictest/EPIC/RECO/23.11.0/epic_craterlake/DIS/NC/10x100/minQ2=1/pythia8NCDIS_10x100_minQ2=1_beamEffects_xAngle=-0.025_hiDiv_5.0794.eicrecon.tree.edm4eic.root,731
s3https://eics3.sdcc.bnl.gov:9000/eictest/EPIC/RECO/23.11.0/epic_craterlake/DIS/NC/10x100/minQ2=1/pythia8NCDIS_10x100_minQ2=1_beamEffects_xAngle=-0.025_hiDiv_3.0682.eicrecon.tree.edm4eic.root,731
s3https://eics3.sdcc.bnl.gov:9000/eictest/EPIC/RECO/23.11.0/epic_craterlake/DIS/NC/10x100/minQ2=1/pythia8NCDIS_10x100_minQ2=1_beamEffects_xAngle=-0.025_hiDiv_1.0468.eicrecon.tree.edm4eic.root,731
s3https://eics3.sdcc.bnl.gov:9000/eictest/EPIC/RECO/23.11.0/epic_craterlake/DIS/NC/10x100/minQ2=1/pythia8NCDIS_10x100_minQ2=1_beamEffects_xAngle=-0.025_hiDiv_5.0728.eicrecon.tree.edm4eic.root,731
s3https://eics3.sdcc.bnl.gov:9000/eictest/EPIC/RECO/23.11.0/epic_craterlake/DIS/NC/10x100/minQ2=1/pythia8NCDIS_10x100_minQ2=1_beamEffects_xAngle=-0.025_hiDiv_1.0384.eicrecon.tree.edm4eic.root,731
s3https://eics3.sdcc.bnl.gov:9000/eictest/EPIC/RECO/23.11.0/epic_craterlake/DIS/NC/10x100/minQ2=1/pythia8NCDIS_10x100_minQ2=1_beamEffects_xAngle=-0.025_hiDiv_5.0078.eicrecon.tree.edm4eic.root,731
s3https://eics3.sdcc.bnl.gov:9000/eictest/EPIC/RECO/23.11.0/epic_craterlake/DIS/NC/10x100/minQ2=1/pythia8NCDIS_10x100_minQ2=1_beamEffects_xAngle=-0.025_hiDiv_1.0338.eicrecon.tree.edm4eic.root,731
s3https://eics3.sdcc.bnl.gov:9000/eictest/EPIC/RECO/23.11.0/epic_craterlake/DIS/NC/10x100/minQ2=1/pythia8NCDIS_10x100_minQ2=1_beamEffects_xAngle=-0.025_hiDiv_2.0957.eicrecon.tree.edm4eic.root,731
s3https://eics3.sdcc.bnl.gov:9000/eictest/EPIC/RECO/23.11.0/epic_craterlake/DIS/NC/10x100/minQ2=1/pythia8NCDIS_10x100_minQ2=1_beamEffects_xAngle=-0.025_hiDiv_4.0841.eicrecon.tree.edm4eic.root,731
s3https://eics3.sdcc.bnl.gov:9000/eictest/EPIC/RECO/23.11.0/epic_craterlake/DIS/NC/10x100/minQ2=1/pythia8NCDIS_10x100_minQ2=1_beamEffects_xAngle=-0.025_hiDiv_3.0822.eicrecon.tree.edm4eic.root,731
s3https://eics3.sdcc.bnl.gov:9000/eictest/EPIC/RECO/23.11.0/epic_craterlake/DIS/NC/10x100/minQ2=1/pythia8NCDIS_10x100_minQ2=1_beamEffects_xAngle=-0.025_hiDiv_5.0934.eicrecon.tree.edm4eic.root,731
s3https://eics3.sdcc.bnl.gov:9000/eictest/EPIC/RECO/23.11.0/epic_craterlake/DIS/NC/10x100/minQ2=1/pythia8NCDIS_10x100_minQ2=1_beamEffects_xAngle=-0.025_hiDiv_1.1327.eicrecon.tree.edm4eic.root,731
s3https://eics3.sdcc.bnl.gov:9000/eictest/EPIC/RECO/23.11.0/epic_craterlake/DIS/NC/10x100/minQ2=1/pythia8NCDIS_10x100_minQ2=1_beamEffects_xAngle=-0.025_hiDiv_2.1004.eicrecon.tree.edm4eic.root,731
s3https://eics3.sdcc.bnl.gov:9000/eictest/EPIC/RECO/23.11.0/epic_craterlake/DIS/NC/10x100/minQ2=1/pythia8NCDIS_10x100_minQ2=1_beamEffects_xAngle=-0.025_hiDiv_4.1112.eicrecon.tree.edm4eic.root,731
s3https://eics3.sdcc.bnl.gov:9000/eictest/EPIC/RECO/23.11.0/epic_craterlake/DIS/NC/10x100/minQ2=1/pythia8NCDIS_10x100_minQ2=1_beamEffects_xAngle=-0.025_hiDiv_3.1171.eicrecon.tree.edm4eic.root,731
s3https://eics3.sdcc.bnl.gov:9000/eictest/EPIC/RECO/23.11.0/epic_craterlake/DIS/NC/10x100/minQ2=1/pythia8NCDIS_10x100_minQ2=1_beamEffects_xAngle=-0.025_hiDiv_5.1067.eicrecon.tree.edm4eic.root,731
s3https://eics3.sdcc.bnl.gov:9000/eictest/EPIC/RECO/23.11.0/epic_craterlake/DIS/NC/10x100/minQ2=1/pythia8NCDIS_10x100_minQ2=1_beamEffects_xAngle=-0.025_hiDiv_5.0988.eicrecon.tree.edm4eic.root,731
s3https://eics3.sdcc.bnl.gov:9000/eictest/EPIC/RECO/23.11.0/epic_craterlake/DIS/NC/10x100/minQ2=1/pythia8NCDIS_10x100_minQ2=1_beamEffects_xAngle=-0.025_hiDiv_1.0843.eicrecon.tree.edm4eic.root,731
s3https://eics3.sdcc.bnl.gov:9000/eictest/EPIC/RECO/23.11.0/epic_craterlake/DIS/NC/10x100/minQ2=1/pythia8NCDIS_10x100_minQ2=1_beamEffects_xAngle=-0.025_hiDiv_2.1233.eicrecon.tree.edm4eic.root,731
s3https://eics3.sdcc.bnl.gov:9000/eictest/EPIC/RECO/23.11.0/epic_craterlake/DIS/NC/10x100/minQ2=1/pythia8NCDIS_10x100_minQ2=1_beamEffects_xAngle=-0.025_hiDiv_4.1325.eicrecon.tree.edm4eic.root,731
s3https://eics3.sdcc.bnl.gov:9000/eictest/EPIC/RECO/23.11.0/epic_craterlake/DIS/NC/10x100/minQ2=1/pythia8NCDIS_10x100_minQ2=1_beamEffects_xAngle=-0.025_hiDiv_3.1346.eicrecon.tree.edm4eic.root,731
s3https://eics3.sdcc.bnl.gov:9000/eictest/EPIC/RECO/23.11.0/epic_craterlake/DIS/NC/10x100/minQ2=1/pythia8NCDIS_10x100_minQ2=1_beamEffects_xAngle=-0.025_hiDiv_5.1250.eicrecon.tree.edm4eic.root,731
s3https://eics3.sdcc.bnl.gov:9000/eictest/EPIC/RECO/23.11.0/epic_craterlake/DIS/NC/10x100/minQ2=1/pythia8NCDIS_10x100_minQ2=1_beamEffects_xAngle=-0.025_hiDiv_1.1110.eicrecon.tree.edm4eic.root,731
s3https://eics3.sdcc.bnl.gov:9000/eictest/EPIC/RECO/23.11.0/epic_craterlake/DIS/NC/10x100/minQ2=1/pythia8NCDIS_10x100_minQ2=1_beamEffects_xAngle=-0.025_hiDiv_2.0290.eicrecon.tree.edm4eic.root,731
s3https://eics3.sdcc.bnl.gov:9000/eictest/EPIC/RECO/23.11.0/epic_craterlake/DIS/NC/10x100/minQ2=1/pythia8NCDIS_10x100_minQ2=1_beamEffects_xAngle=-0.025_hiDiv_4.0386.eicrecon.tree.edm4eic.root,731
s3https://eics3.sdcc.bnl.gov:9000/eictest/EPIC/RECO/23.11.0/epic_craterlake/DIS/NC/10x100/minQ2=1/pythia8NCDIS_10x100_minQ2=1_beamEffects_xAngle=-0.025_hiDiv_3.0359.eicrecon.tree.edm4eic.root,731
s3https://eics3.sdcc.bnl.gov:9000/eictest/EPIC/RECO/23.11.0/epic_craterlake/DIS/NC/10x100/minQ2=1/pythia8NCDIS_10x100_minQ2=1_beamEffects_xAngle=-0.025_hiDiv_3.0409.eicrecon.tree.edm4eic.root,731
s3https://eics3.sdcc.bnl.gov:9000/eictest/EPIC/RECO/23.11.0/epic_craterlake/DIS/NC/10x100/minQ2=1/pythia8NCDIS_10x100_minQ2=1_beamEffects_xAngle=-0.025_hiDiv_4.0695.eicrecon.tree.edm4eic.root,731
s3https://eics3.sdcc.bnl.gov:9000/eictest/EPIC/RECO/23.11.0/epic_craterlake/DIS/NC/10x100/minQ2=1/pythia8NCDIS_10x100_minQ2=1_beamEffects_xAngle=-0.025_hiDiv_2.0783.eicrecon.tree.edm4eic.root,731
s3https://eics3.sdcc.bnl.gov:9000/eictest/EPIC/RECO/23.11.0/epic_craterlake/DIS/NC/10x100/minQ2=1/pythia8NCDIS_10x100_minQ2=1_beamEffects_xAngle=-0.025_hiDiv_4.0629.eicrecon.tree.edm4eic.root,731
s3https://eics3.sdcc.bnl.gov:9000/eictest/EPIC/RECO/23.11.0/epic_craterlake/DIS/NC/10x100/minQ2=1/pythia8NCDIS_10x100_minQ2=1_beamEffects_xAngle=-0.025_hiDiv_4.0179.eicrecon.tree.edm4eic.root,731
s3https://eics3.sdcc.bnl.gov:9000/eictest/EPIC/RECO/23.11.0/epic_craterlake/DIS/NC/10x100/minQ2=1/pythia8NCDIS_10x100_minQ2=1_beamEffects_xAngle=-0.025_hiDiv_1.1353.eicrecon.tree.edm4eic.root,731
s3https://eics3.sdcc.bnl.gov:9000/eictest/EPIC/RECO/23.11.0/epic_craterlake/DIS/NC/10x100/minQ2=1/pythia8NCDIS_10x100_minQ2=1_beamEffects_xAngle=-0.025_hiDiv_3.0856.eicrecon.tree.edm4eic.root,731
s3https://eics3.sdcc.bnl.gov:9000/eictest/EPIC/RECO/23.11.0/epic_craterlake/DIS/NC/10x100/minQ2=1/pythia8NCDIS_10x100_minQ2=1_beamEffects_xAngle=-0.025_hiDiv_5.0940.eicrecon.tree.edm4eic.root,731
s3https://eics3.sdcc.bnl.gov:9000/eictest/EPIC/RECO/23.11.0/epic_craterlake/DIS/NC/10x100/minQ2=1/pythia8NCDIS_10x100_minQ2=1_beamEffects_xAngle=-0.025_hiDiv_2.0923.eicrecon.tree.edm4eic.root,731
s3https://eics3.sdcc.bnl.gov:9000/eictest/EPIC/RECO/23.11.0/epic_craterlake/DIS/NC/10x100/minQ2=1/pythia8NCDIS_10x100_minQ2=1_beamEffects_xAngle=-0.025_hiDiv_4.0835.eicrecon.tree.edm4eic.root,731
s3https://eics3.sdcc.bnl.gov:9000/eictest/EPIC/RECO/23.11.0/epic_craterlake/DIS/NC/10x100/minQ2=1/pythia8NCDIS_10x100_minQ2=1_beamEffects_xAngle=-0.025_hiDiv_4.0889.eicrecon.tree.edm4eic.root,731
s3https://eics3.sdcc.bnl.gov:9000/eictest/EPIC/RECO/23.11.0/epic_craterlake/DIS/NC/10x100/minQ2=1/pythia8NCDIS_10x100_minQ2=1_beamEffects_xAngle=-0.025_hiDiv_3.1105.eicrecon.tree.edm4eic.root,731
s3https://eics3.sdcc.bnl.gov:9000/eictest/EPIC/RECO/23.11.0/epic_craterlake/DIS/NC/10x100/minQ2=1/pythia8NCDIS_10x100_minQ2=1_beamEffects_xAngle=-0.025_hiDiv_5.1013.eicrecon.tree.edm4eic.root,731
s3https://eics3.sdcc.bnl.gov:9000/eictest/EPIC/RECO/23.11.0/epic_craterlake/DIS/NC/10x100/minQ2=1/pythia8NCDIS_10x100_minQ2=1_beamEffects_xAngle=-0.025_hiDiv_2.1070.eicrecon.tree.edm4eic.root,731
s3https://eics3.sdcc.bnl.gov:9000/eictest/EPIC/RECO/23.11.0/epic_craterlake/DIS/NC/10x100/minQ2=1/pythia8NCDIS_10x100_minQ2=1_beamEffects_xAngle=-0.025_hiDiv_4.1166.eicrecon.tree.edm4eic.root,731
s3https://eics3.sdcc.bnl.gov:9000/eictest/EPIC/RECO/23.11.0/epic_craterlake/DIS/NC/10x100/minQ2=1/pythia8NCDIS_10x100_minQ2=1_beamEffects_xAngle=-0.025_hiDiv_3.1332.eicrecon.tree.edm4eic.root,731
s3https://eics3.sdcc.bnl.gov:9000/eictest/EPIC/RECO/23.11.0/epic_craterlake/DIS/NC/10x100/minQ2=1/pythia8NCDIS_10x100_minQ2=1_beamEffects_xAngle=-0.025_hiDiv_5.1224.eicrecon.tree.edm4eic.root,731
s3https://eics3.sdcc.bnl.gov:9000/eictest/EPIC/RECO/23.11.0/epic_craterlake/DIS/NC/10x100/minQ2=1/pythia8NCDIS_10x100_minQ2=1_beamEffects_xAngle=-0.025_hiDiv_2.1247.eicrecon.tree.edm4eic.root,731
s3https://eics3.sdcc.bnl.gov:9000/eictest/EPIC/RECO/23.11.0/epic_craterlake/DIS/NC/10x100/minQ2=1/pythia8NCDIS_10x100_minQ2=1_beamEffects_xAngle=-0.025_hiDiv_4.1351.eicrecon.tree.edm4eic.root,731
s3https://eics3.sdcc.bnl.gov:9000/eictest/EPIC/RECO/23.11.0/epic_craterlake/DIS/NC/10x100/minQ2=1/pythia8NCDIS_10x100_minQ2=1_beamEffects_xAngle=-0.025_hiDiv_1.0837.eicrecon.tree.edm4eic.root,731
s3https://eics3.sdcc.bnl.gov:9000/eictest/EPIC/RECO/23.11.0/epic_craterlake/DIS/NC/10x100/minQ2=1/pythia8NCDIS_10x100_minQ2=1_beamEffects_xAngle=-0.025_hiDiv_5.1298.eicrecon.tree.edm4eic.root,731
s3https://eics3.sdcc.bnl.gov:9000/eictest/EPIC/RECO/23.11.0/epic_craterlake/DIS/NC/10x100/minQ2=1/pythia8NCDIS_10x100_minQ2=1_beamEffects_xAngle=-0.025_hiDiv_1.1164.eicrecon.tree.edm4eic.root,731
s3https://eics3.sdcc.bnl.gov:9000/eictest/EPIC/RECO/23.11.0/epic_craterlake/DIS/NC/10x100/minQ2=1/pythia8NCDIS_10x100_minQ2=1_beamEffects_xAngle=-0.025_hiDiv_3.0391.eicrecon.tree.edm4eic.root,731
s3https://eics3.sdcc.bnl.gov:9000/eictest/EPIC/RECO/23.11.0/epic_craterlake/DIS/NC/10x100/minQ2=1/pythia8NCDIS_10x100_minQ2=1_beamEffects_xAngle=-0.025_hiDiv_5.0287.eicrecon.tree.edm4eic.root,731
s3https://eics3.sdcc.bnl.gov:9000/eictest/EPIC/RECO/23.11.0/epic_craterlake/DIS/NC/10x100/minQ2=1/pythia8NCDIS_10x100_minQ2=1_beamEffects_xAngle=-0.025_hiDiv_2.0258.eicrecon.tree.edm4eic.root,731
s3https://eics3.sdcc.bnl.gov:9000/eictest/EPIC/RECO/23.11.0/epic_craterlake/DIS/NC/10x100/minQ2=1/pythia8NCDIS_10x100_minQ2=1_beamEffects_xAngle=-0.025_hiDiv_1.0697.eicrecon.tree.edm4eic.root,731
s3https://eics3.sdcc.bnl.gov:9000/eictest/EPIC/RECO/23.11.0/epic_craterlake/DIS/NC/10x100/minQ2=1/pythia8NCDIS_10x100_minQ2=1_beamEffects_xAngle=-0.025_hiDiv_2.0508.eicrecon.tree.edm4eic.root,731
s3https://eics3.sdcc.bnl.gov:9000/eictest/EPIC/RECO/23.11.0/epic_craterlake/DIS/NC/10x100/minQ2=1/pythia8NCDIS_10x100_minQ2=1_beamEffects_xAngle=-0.025_hiDiv_1.0245.eicrecon.tree.edm4eic.root,731
s3https://eics3.sdcc.bnl.gov:9000/eictest/EPIC/RECO/23.11.0/epic_craterlake/DIS/NC/10x100/minQ2=1/pythia8NCDIS_10x100_minQ2=1_beamEffects_xAngle=-0.025_hiDiv_3.0013.eicrecon.tree.edm4eic.root,731
s3https://eics3.sdcc.bnl.gov:9000/eictest/EPIC/RECO/23.11.0/epic_craterlake/DIS/NC/10x100/minQ2=1/pythia8NCDIS_10x100_minQ2=1_beamEffects_xAngle=-0.025_hiDiv_5.0105.eicrecon.tree.edm4eic.root,731
s3https://eics3.sdcc.bnl.gov:9000/eictest/EPIC/RECO/23.11.0/epic_craterlake/DIS/NC/10x100/minQ2=1/pythia8NCDIS_10x100_minQ2=1_beamEffects_xAngle=-0.025_hiDiv_2.0166.eicrecon.tree.edm4eic.root,731
s3https://eics3.sdcc.bnl.gov:9000/eictest/EPIC/RECO/23.11.0/epic_craterlake/DIS/NC/10x100/minQ2=1/pythia8NCDIS_10x100_minQ2=1_beamEffects_xAngle=-0.025_hiDiv_4.0070.eicrecon.tree.edm4eic.root,731
s3https://eics3.sdcc.bnl.gov:9000/eictest/EPIC/RECO/23.11.0/epic_craterlake/DIS/NC/10x100/minQ2=1/pythia8NCDIS_10x100_minQ2=1_beamEffects_xAngle=-0.025_hiDiv_4.0720.eicrecon.tree.edm4eic.root,731
s3https://eics3.sdcc.bnl.gov:9000/eictest/EPIC/RECO/23.11.0/epic_craterlake/DIS/NC/10x100/minQ2=1/pythia8NCDIS_10x100_minQ2=1_beamEffects_xAngle=-0.025_hiDiv_2.0636.eicrecon.tree.edm4eic.root,731
s3https://eics3.sdcc.bnl.gov:9000/eictest/EPIC/RECO/23.11.0/epic_craterlake/DIS/NC/10x100/minQ2=1/pythia8NCDIS_10x100_minQ2=1_beamEffects_xAngle=-0.025_hiDiv_5.0655.eicrecon.tree.edm4eic.root,731
s3https://eics3.sdcc.bnl.gov:9000/eictest/EPIC/RECO/23.11.0/epic_craterlake/DIS/NC/10x100/minQ2=1/pythia8NCDIS_10x100_minQ2=1_beamEffects_xAngle=-0.025_hiDiv_3.0743.eicrecon.tree.edm4eic.root,731
s3https://eics3.sdcc.bnl.gov:9000/eictest/EPIC/RECO/23.11.0/epic_craterlake/DIS/NC/10x100/minQ2=1/pythia8NCDIS_10x100_minQ2=1_beamEffects_xAngle=-0.025_hiDiv_1.0515.eicrecon.tree.edm4eic.root,731
s3https://eics3.sdcc.bnl.gov:9000/eictest/EPIC/RECO/23.11.0/epic_craterlake/DIS/NC/10x100/minQ2=1/pythia8NCDIS_10x100_minQ2=1_beamEffects_xAngle=-0.025_hiDiv_2.0896.eicrecon.tree.edm4eic.root,731
s3https://eics3.sdcc.bnl.gov:9000/eictest/EPIC/RECO/23.11.0/epic_craterlake/DIS/NC/10x100/minQ2=1/pythia8NCDIS_10x100_minQ2=1_beamEffects_xAngle=-0.025_hiDiv_4.0980.eicrecon.tree.edm4eic.root,731
s3https://eics3.sdcc.bnl.gov:9000/eictest/EPIC/RECO/23.11.0/epic_craterlake/DIS/NC/10x100/minQ2=1/pythia8NCDIS_10x100_minQ2=1_beamEffects_xAngle=-0.025_hiDiv_2.1179.eicrecon.tree.edm4eic.root,731
s3https://eics3.sdcc.bnl.gov:9000/eictest/EPIC/RECO/23.11.0/epic_craterlake/DIS/NC/10x100/minQ2=1/pythia8NCDIS_10x100_minQ2=1_beamEffects_xAngle=-0.025_hiDiv_5.0849.eicrecon.tree.edm4eic.root,731
s3https://eics3.sdcc.bnl.gov:9000/eictest/EPIC/RECO/23.11.0/epic_craterlake/DIS/NC/10x100/minQ2=1/pythia8NCDIS_10x100_minQ2=1_beamEffects_xAngle=-0.025_hiDiv_1.0982.eicrecon.tree.edm4eic.root,731
s3https://eics3.sdcc.bnl.gov:9000/eictest/EPIC/RECO/23.11.0/epic_craterlake/DIS/NC/10x100/minQ2=1/pythia8NCDIS_10x100_minQ2=1_beamEffects_xAngle=-0.025_hiDiv_3.1287.eicrecon.tree.edm4eic.root,731
s3https://eics3.sdcc.bnl.gov:9000/eictest/EPIC/RECO/23.11.0/epic_craterlake/DIS/NC/10x100/minQ2=1/pythia8NCDIS_10x100_minQ2=1_beamEffects_xAngle=-0.025_hiDiv_4.1258.eicrecon.tree.edm4eic.root,731
s3https://eics3.sdcc.bnl.gov:9000/eictest/EPIC/RECO/23.11.0/epic_craterlake/DIS/NC/10x100/minQ2=1/pythia8NCDIS_10x100_minQ2=1_beamEffects_xAngle=-0.025_hiDiv_1.0722.eicrecon.tree.edm4eic.root,731
s3https://eics3.sdcc.bnl.gov:9000/eictest/EPIC/RECO/23.11.0/epic_craterlake/DIS/NC/10x100/minQ2=1/pythia8NCDIS_10x100_minQ2=1_beamEffects_xAngle=-0.025_hiDiv_4.0517.eicrecon.tree.edm4eic.root,731
s3https://eics3.sdcc.bnl.gov:9000/eictest/EPIC/RECO/23.11.0/epic_craterlake/DIS/NC/10x100/minQ2=1/pythia8NCDIS_10x100_minQ2=1_beamEffects_xAngle=-0.025_hiDiv_2.0401.eicrecon.tree.edm4eic.root,731
s3https://eics3.sdcc.bnl.gov:9000/eictest/EPIC/RECO/23.11.0/epic_craterlake/DIS/NC/10x100/minQ2=1/pythia8NCDIS_10x100_minQ2=1_beamEffects_xAngle=-0.025_hiDiv_5.0462.eicrecon.tree.edm4eic.root,731
s3https://eics3.sdcc.bnl.gov:9000/eictest/EPIC/RECO/23.11.0/epic_craterlake/DIS/NC/10x100/minQ2=1/pythia8NCDIS_10x100_minQ2=1_beamEffects_xAngle=-0.025_hiDiv_3.0574.eicrecon.tree.edm4eic.root,731
s3https://eics3.sdcc.bnl.gov:9000/eictest/EPIC/RECO/23.11.0/epic_craterlake/DIS/NC/10x100/minQ2=1/pythia8NCDIS_10x100_minQ2=1_beamEffects_xAngle=-0.025_hiDiv_3.0224.eicrecon.tree.edm4eic.root,731
s3https://eics3.sdcc.bnl.gov:9000/eictest/EPIC/RECO/23.11.0/epic_craterlake/DIS/NC/10x100/minQ2=1/pythia8NCDIS_10x100_minQ2=1_beamEffects_xAngle=-0.025_hiDiv_5.0332.eicrecon.tree.edm4eic.root,731
s3https://eics3.sdcc.bnl.gov:9000/eictest/EPIC/RECO/23.11.0/epic_craterlake/DIS/NC/10x100/minQ2=1/pythia8NCDIS_10x100_minQ2=1_beamEffects_xAngle=-0.025_hiDiv_2.0351.eicrecon.tree.edm4eic.root,731
s3https://eics3.sdcc.bnl.gov:9000/eictest/EPIC/RECO/23.11.0/epic_craterlake/DIS/NC/10x100/minQ2=1/pythia8NCDIS_10x100_minQ2=1_beamEffects_xAngle=-0.025_hiDiv_4.0247.eicrecon.tree.edm4eic.root,731
s3https://eics3.sdcc.bnl.gov:9000/eictest/EPIC/RECO/23.11.0/epic_craterlake/DIS/NC/10x100/minQ2=1/pythia8NCDIS_10x100_minQ2=1_beamEffects_xAngle=-0.025_hiDiv_1.0072.eicrecon.tree.edm4eic.root,731
s3https://eics3.sdcc.bnl.gov:9000/eictest/EPIC/RECO/23.11.0/epic_craterlake/DIS/NC/10x100/minQ2=1/pythia8NCDIS_10x100_minQ2=1_beamEffects_xAngle=-0.025_hiDiv_3.0298.eicrecon.tree.edm4eic.root,731
s3https://eics3.sdcc.bnl.gov:9000/eictest/EPIC/RECO/23.11.0/epic_craterlake/DIS/NC/10x100/minQ2=1/pythia8NCDIS_10x100_minQ2=1_beamEffects_xAngle=-0.025_hiDiv_1.0448.eicrecon.tree.edm4eic.root,731
s3https://eics3.sdcc.bnl.gov:9000/eictest/EPIC/RECO/23.11.0/epic_craterlake/DIS/NC/10x100/minQ2=1/pythia8NCDIS_10x100_minQ2=1_beamEffects_xAngle=-0.025_hiDiv_5.0708.eicrecon.tree.edm4eic.root,731
s3https://eics3.sdcc.bnl.gov:9000/eictest/EPIC/RECO/23.11.0/epic_craterlake/DIS/NC/10x100/minQ2=1/pythia8NCDIS_10x100_minQ2=1_beamEffects_xAngle=-0.025_hiDiv_5.0058.eicrecon.tree.edm4eic.root,731
s3https://eics3.sdcc.bnl.gov:9000/eictest/EPIC/RECO/23.11.0/epic_craterlake/DIS/NC/10x100/minQ2=1/pythia8NCDIS_10x100_minQ2=1_beamEffects_xAngle=-0.025_hiDiv_1.0318.eicrecon.tree.edm4eic.root,731
s3https://eics3.sdcc.bnl.gov:9000/eictest/EPIC/RECO/23.11.0/epic_craterlake/DIS/NC/10x100/minQ2=1/pythia8NCDIS_10x100_minQ2=1_beamEffects_xAngle=-0.025_hiDiv_2.0087.eicrecon.tree.edm4eic.root,731
s3https://eics3.sdcc.bnl.gov:9000/eictest/EPIC/RECO/23.11.0/epic_craterlake/DIS/NC/10x100/minQ2=1/pythia8NCDIS_10x100_minQ2=1_beamEffects_xAngle=-0.025_hiDiv_4.0191.eicrecon.tree.edm4eic.root,731
s3https://eics3.sdcc.bnl.gov:9000/eictest/EPIC/RECO/23.11.0/epic_craterlake/DIS/NC/10x100/minQ2=1/pythia8NCDIS_10x100_minQ2=1_beamEffects_xAngle=-0.025_hiDiv_1.1307.eicrecon.tree.edm4eic.root,731
s3https://eics3.sdcc.bnl.gov:9000/eictest/EPIC/RECO/23.11.0/epic_craterlake/DIS/NC/10x100/minQ2=1/pythia8NCDIS_10x100_minQ2=1_beamEffects_xAngle=-0.025_hiDiv_2.1098.eicrecon.tree.edm4eic.root,731
s3https://eics3.sdcc.bnl.gov:9000/eictest/EPIC/RECO/23.11.0/epic_craterlake/DIS/NC/10x100/minQ2=1/pythia8NCDIS_10x100_minQ2=1_beamEffects_xAngle=-0.025_hiDiv_2.0977.eicrecon.tree.edm4eic.root,731
s3https://eics3.sdcc.bnl.gov:9000/eictest/EPIC/RECO/23.11.0/epic_craterlake/DIS/NC/10x100/minQ2=1/pythia8NCDIS_10x100_minQ2=1_beamEffects_xAngle=-0.025_hiDiv_4.0861.eicrecon.tree.edm4eic.root,731
s3https://eics3.sdcc.bnl.gov:9000/eictest/EPIC/RECO/23.11.0/epic_craterlake/DIS/NC/10x100/minQ2=1/pythia8NCDIS_10x100_minQ2=1_beamEffects_xAngle=-0.025_hiDiv_3.0802.eicrecon.tree.edm4eic.root,731
s3https://eics3.sdcc.bnl.gov:9000/eictest/EPIC/RECO/23.11.0/epic_craterlake/DIS/NC/10x100/minQ2=1/pythia8NCDIS_10x100_minQ2=1_beamEffects_xAngle=-0.025_hiDiv_5.0914.eicrecon.tree.edm4eic.root,731
s3https://eics3.sdcc.bnl.gov:9000/eictest/EPIC/RECO/23.11.0/epic_craterlake/DIS/NC/10x100/minQ2=1/pythia8NCDIS_10x100_minQ2=1_beamEffects_xAngle=-0.025_hiDiv_2.1024.eicrecon.tree.edm4eic.root,731
s3https://eics3.sdcc.bnl.gov:9000/eictest/EPIC/RECO/23.11.0/epic_craterlake/DIS/NC/10x100/minQ2=1/pythia8NCDIS_10x100_minQ2=1_beamEffects_xAngle=-0.025_hiDiv_4.1132.eicrecon.tree.edm4eic.root,731
s3https://eics3.sdcc.bnl.gov:9000/eictest/EPIC/RECO/23.11.0/epic_craterlake/DIS/NC/10x100/minQ2=1/pythia8NCDIS_10x100_minQ2=1_beamEffects_xAngle=-0.025_hiDiv_3.1151.eicrecon.tree.edm4eic.root,731
s3https://eics3.sdcc.bnl.gov:9000/eictest/EPIC/RECO/23.11.0/epic_craterlake/DIS/NC/10x100/minQ2=1/pythia8NCDIS_10x100_minQ2=1_beamEffects_xAngle=-0.025_hiDiv_5.1047.eicrecon.tree.edm4eic.root,731
s3https://eics3.sdcc.bnl.gov:9000/eictest/EPIC/RECO/23.11.0/epic_craterlake/DIS/NC/10x100/minQ2=1/pythia8NCDIS_10x100_minQ2=1_beamEffects_xAngle=-0.025_hiDiv_2.1213.eicrecon.tree.edm4eic.root,731
s3https://eics3.sdcc.bnl.gov:9000/eictest/EPIC/RECO/23.11.0/epic_craterlake/DIS/NC/10x100/minQ2=1/pythia8NCDIS_10x100_minQ2=1_beamEffects_xAngle=-0.025_hiDiv_4.1305.eicrecon.tree.edm4eic.root,731
s3https://eics3.sdcc.bnl.gov:9000/eictest/EPIC/RECO/23.11.0/epic_craterlake/DIS/NC/10x100/minQ2=1/pythia8NCDIS_10x100_minQ2=1_beamEffects_xAngle=-0.025_hiDiv_5.1270.eicrecon.tree.edm4eic.root,731
s3https://eics3.sdcc.bnl.gov:9000/eictest/EPIC/RECO/23.11.0/epic_craterlake/DIS/NC/10x100/minQ2=1/pythia8NCDIS_10x100_minQ2=1_beamEffects_xAngle=-0.025_hiDiv_1.0863.eicrecon.tree.edm4eic.root,731
s3https://eics3.sdcc.bnl.gov:9000/eictest/EPIC/RECO/23.11.0/epic_craterlake/DIS/NC/10x100/minQ2=1/pythia8NCDIS_10x100_minQ2=1_beamEffects_xAngle=-0.025_hiDiv_1.1130.eicrecon.tree.edm4eic.root,731
s3https://eics3.sdcc.bnl.gov:9000/eictest/EPIC/RECO/23.11.0/epic_craterlake/DIS/NC/10x100/minQ2=1/pythia8NCDIS_10x100_minQ2=1_beamEffects_xAngle=-0.025_hiDiv_1.0193.eicrecon.tree.edm4eic.root,731
s3https://eics3.sdcc.bnl.gov:9000/eictest/EPIC/RECO/23.11.0/epic_craterlake/DIS/NC/10x100/minQ2=1/pythia8NCDIS_10x100_minQ2=1_beamEffects_xAngle=-0.025_hiDiv_3.0379.eicrecon.tree.edm4eic.root,731
s3https://eics3.sdcc.bnl.gov:9000/eictest/EPIC/RECO/23.11.0/epic_craterlake/DIS/NC/10x100/minQ2=1/pythia8NCDIS_10x100_minQ2=1_beamEffects_xAngle=-0.025_hiDiv_3.0429.eicrecon.tree.edm4eic.root,731
s3https://eics3.sdcc.bnl.gov:9000/eictest/EPIC/RECO/23.11.0/epic_craterlake/DIS/NC/10x100/minQ2=1/pythia8NCDIS_10x100_minQ2=1_beamEffects_xAngle=-0.025_hiDiv_5.0583.eicrecon.tree.edm4eic.root,731
s3https://eics3.sdcc.bnl.gov:9000/eictest/EPIC/RECO/23.11.0/epic_craterlake/DIS/NC/10x100/minQ2=1/pythia8NCDIS_10x100_minQ2=1_beamEffects_xAngle=-0.025_hiDiv_3.0495.eicrecon.tree.edm4eic.root,731
s3https://eics3.sdcc.bnl.gov:9000/eictest/EPIC/RECO/23.11.0/epic_craterlake/DIS/NC/10x100/minQ2=1/pythia8NCDIS_10x100_minQ2=1_beamEffects_xAngle=-0.025_hiDiv_4.0098.eicrecon.tree.edm4eic.root,731
s3https://eics3.sdcc.bnl.gov:9000/eictest/EPIC/RECO/23.11.0/epic_craterlake/DIS/NC/10x100/minQ2=1/pythia8NCDIS_10x100_minQ2=1_beamEffects_xAngle=-0.025_hiDiv_1.0211.eicrecon.tree.edm4eic.root,731
s3https://eics3.sdcc.bnl.gov:9000/eictest/EPIC/RECO/23.11.0/epic_craterlake/DIS/NC/10x100/minQ2=1/pythia8NCDIS_10x100_minQ2=1_beamEffects_xAngle=-0.025_hiDiv_2.0132.eicrecon.tree.edm4eic.root,731
s3https://eics3.sdcc.bnl.gov:9000/eictest/EPIC/RECO/23.11.0/epic_craterlake/DIS/NC/10x100/minQ2=1/pythia8NCDIS_10x100_minQ2=1_beamEffects_xAngle=-0.025_hiDiv_4.0024.eicrecon.tree.edm4eic.root,731
s3https://eics3.sdcc.bnl.gov:9000/eictest/EPIC/RECO/23.11.0/epic_craterlake/DIS/NC/10x100/minQ2=1/pythia8NCDIS_10x100_minQ2=1_beamEffects_xAngle=-0.025_hiDiv_3.0047.eicrecon.tree.edm4eic.root,731
s3https://eics3.sdcc.bnl.gov:9000/eictest/EPIC/RECO/23.11.0/epic_craterlake/DIS/NC/10x100/minQ2=1/pythia8NCDIS_10x100_minQ2=1_beamEffects_xAngle=-0.025_hiDiv_5.0151.eicrecon.tree.edm4eic.root,731
s3https://eics3.sdcc.bnl.gov:9000/eictest/EPIC/RECO/23.11.0/epic_craterlake/DIS/NC/10x100/minQ2=1/pythia8NCDIS_10x100_minQ2=1_beamEffects_xAngle=-0.025_hiDiv_5.0601.eicrecon.tree.edm4eic.root,731
s3https://eics3.sdcc.bnl.gov:9000/eictest/EPIC/RECO/23.11.0/epic_craterlake/DIS/NC/10x100/minQ2=1/pythia8NCDIS_10x100_minQ2=1_beamEffects_xAngle=-0.025_hiDiv_3.0717.eicrecon.tree.edm4eic.root,731
s3https://eics3.sdcc.bnl.gov:9000/eictest/EPIC/RECO/23.11.0/epic_craterlake/DIS/NC/10x100/minQ2=1/pythia8NCDIS_10x100_minQ2=1_beamEffects_xAngle=-0.025_hiDiv_4.0774.eicrecon.tree.edm4eic.root,731
s3https://eics3.sdcc.bnl.gov:9000/eictest/EPIC/RECO/23.11.0/epic_craterlake/DIS/NC/10x100/minQ2=1/pythia8NCDIS_10x100_minQ2=1_beamEffects_xAngle=-0.025_hiDiv_2.0662.eicrecon.tree.edm4eic.root,731
s3https://eics3.sdcc.bnl.gov:9000/eictest/EPIC/RECO/23.11.0/epic_craterlake/DIS/NC/10x100/minQ2=1/pythia8NCDIS_10x100_minQ2=1_beamEffects_xAngle=-0.025_hiDiv_1.0541.eicrecon.tree.edm4eic.root,731
s3https://eics3.sdcc.bnl.gov:9000/eictest/EPIC/RECO/23.11.0/epic_craterlake/DIS/NC/10x100/minQ2=1/pythia8NCDIS_10x100_minQ2=1_beamEffects_xAngle=-0.025_hiDiv_3.1058.eicrecon.tree.edm4eic.root,731
s3https://eics3.sdcc.bnl.gov:9000/eictest/EPIC/RECO/23.11.0/epic_craterlake/DIS/NC/10x100/minQ2=1/pythia8NCDIS_10x100_minQ2=1_beamEffects_xAngle=-0.025_hiDiv_2.1191.eicrecon.tree.edm4eic.root,731
s3https://eics3.sdcc.bnl.gov:9000/eictest/EPIC/RECO/23.11.0/epic_craterlake/DIS/NC/10x100/minQ2=1/pythia8NCDIS_10x100_minQ2=1_beamEffects_xAngle=-0.025_hiDiv_4.1087.eicrecon.tree.edm4eic.root,731
s3https://eics3.sdcc.bnl.gov:9000/eictest/EPIC/RECO/23.11.0/epic_craterlake/DIS/NC/10x100/minQ2=1/pythia8NCDIS_10x100_minQ2=1_beamEffects_xAngle=-0.025_hiDiv_4.0968.eicrecon.tree.edm4eic.root,731
s3https://eics3.sdcc.bnl.gov:9000/eictest/EPIC/RECO/23.11.0/epic_craterlake/DIS/NC/10x100/minQ2=1/pythia8NCDIS_10x100_minQ2=1_beamEffects_xAngle=-0.025_hiDiv_1.1039.eicrecon.tree.edm4eic.root,731
s3https://eics3.sdcc.bnl.gov:9000/eictest/EPIC/RECO/23.11.0/epic_craterlake/DIS/NC/10x100/minQ2=1/pythia8NCDIS_10x100_minQ2=1_beamEffects_xAngle=-0.025_hiDiv_1.1085.eicrecon.tree.edm4eic.root,731
s3https://eics3.sdcc.bnl.gov:9000/eictest/EPIC/RECO/23.11.0/epic_craterlake/DIS/NC/10x100/minQ2=1/pythia8NCDIS_10x100_minQ2=1_beamEffects_xAngle=-0.025_hiDiv_1.0776.eicrecon.tree.edm4eic.root,731
s3https://eics3.sdcc.bnl.gov:9000/eictest/EPIC/RECO/23.11.0/epic_craterlake/DIS/NC/10x100/minQ2=1/pythia8NCDIS_10x100_minQ2=1_beamEffects_xAngle=-0.025_hiDiv_5.0436.eicrecon.tree.edm4eic.root,731
s3https://eics3.sdcc.bnl.gov:9000/eictest/EPIC/RECO/23.11.0/epic_craterlake/DIS/NC/10x100/minQ2=1/pythia8NCDIS_10x100_minQ2=1_beamEffects_xAngle=-0.025_hiDiv_3.0520.eicrecon.tree.edm4eic.root,731
s3https://eics3.sdcc.bnl.gov:9000/eictest/EPIC/RECO/23.11.0/epic_craterlake/DIS/NC/10x100/minQ2=1/pythia8NCDIS_10x100_minQ2=1_beamEffects_xAngle=-0.025_hiDiv_4.0543.eicrecon.tree.edm4eic.root,731
s3https://eics3.sdcc.bnl.gov:9000/eictest/EPIC/RECO/23.11.0/epic_craterlake/DIS/NC/10x100/minQ2=1/pythia8NCDIS_10x100_minQ2=1_beamEffects_xAngle=-0.025_hiDiv_2.0455.eicrecon.tree.edm4eic.root,731
s3https://eics3.sdcc.bnl.gov:9000/eictest/EPIC/RECO/23.11.0/epic_craterlake/DIS/NC/10x100/minQ2=1/pythia8NCDIS_10x100_minQ2=1_beamEffects_xAngle=-0.025_hiDiv_2.0305.eicrecon.tree.edm4eic.root,731
s3https://eics3.sdcc.bnl.gov:9000/eictest/EPIC/RECO/23.11.0/epic_craterlake/DIS/NC/10x100/minQ2=1/pythia8NCDIS_10x100_minQ2=1_beamEffects_xAngle=-0.025_hiDiv_4.0213.eicrecon.tree.edm4eic.root,731
s3https://eics3.sdcc.bnl.gov:9000/eictest/EPIC/RECO/23.11.0/epic_craterlake/DIS/NC/10x100/minQ2=1/pythia8NCDIS_10x100_minQ2=1_beamEffects_xAngle=-0.025_hiDiv_3.0270.eicrecon.tree.edm4eic.root,731
s3https://eics3.sdcc.bnl.gov:9000/eictest/EPIC/RECO/23.11.0/epic_craterlake/DIS/NC/10x100/minQ2=1/pythia8NCDIS_10x100_minQ2=1_beamEffects_xAngle=-0.025_hiDiv_5.0366.eicrecon.tree.edm4eic.root,731
s3https://eics3.sdcc.bnl.gov:9000/eictest/EPIC/RECO/23.11.0/epic_craterlake/DIS/NC/10x100/minQ2=1/pythia8NCDIS_10x100_minQ2=1_beamEffects_xAngle=-0.025_hiDiv_1.0026.eicrecon.tree.edm4eic.root,731
s3https://eics3.sdcc.bnl.gov:9000/eictest/EPIC/RECO/23.11.0/epic_craterlake/DIS/NC/10x100/minQ2=1/pythia8NCDIS_10x100_minQ2=1_beamEffects_xAngle=-0.025_hiDiv_1.0265.eicrecon.tree.edm4eic.root,731
s3https://eics3.sdcc.bnl.gov:9000/eictest/EPIC/RECO/23.11.0/epic_craterlake/DIS/NC/10x100/minQ2=1/pythia8NCDIS_10x100_minQ2=1_beamEffects_xAngle=-0.025_hiDiv_5.0199.eicrecon.tree.edm4eic.root,731
s3https://eics3.sdcc.bnl.gov:9000/eictest/EPIC/RECO/23.11.0/epic_craterlake/DIS/NC/10x100/minQ2=1/pythia8NCDIS_10x100_minQ2=1_beamEffects_xAngle=-0.025_hiDiv_3.0033.eicrecon.tree.edm4eic.root,731
s3https://eics3.sdcc.bnl.gov:9000/eictest/EPIC/RECO/23.11.0/epic_craterlake/DIS/NC/10x100/minQ2=1/pythia8NCDIS_10x100_minQ2=1_beamEffects_xAngle=-0.025_hiDiv_5.0125.eicrecon.tree.edm4eic.root,731
s3https://eics3.sdcc.bnl.gov:9000/eictest/EPIC/RECO/23.11.0/epic_craterlake/DIS/NC/10x100/minQ2=1/pythia8NCDIS_10x100_minQ2=1_beamEffects_xAngle=-0.025_hiDiv_2.0146.eicrecon.tree.edm4eic.root,731
s3https://eics3.sdcc.bnl.gov:9000/eictest/EPIC/RECO/23.11.0/epic_craterlake/DIS/NC/10x100/minQ2=1/pythia8NCDIS_10x100_minQ2=1_beamEffects_xAngle=-0.025_hiDiv_4.0050.eicrecon.tree.edm4eic.root,731
s3https://eics3.sdcc.bnl.gov:9000/eictest/EPIC/RECO/23.11.0/epic_craterlake/DIS/NC/10x100/minQ2=1/pythia8NCDIS_10x100_minQ2=1_beamEffects_xAngle=-0.025_hiDiv_4.0700.eicrecon.tree.edm4eic.root,731
s3https://eics3.sdcc.bnl.gov:9000/eictest/EPIC/RECO/23.11.0/epic_craterlake/DIS/NC/10x100/minQ2=1/pythia8NCDIS_10x100_minQ2=1_beamEffects_xAngle=-0.025_hiDiv_2.0616.eicrecon.tree.edm4eic.root,731
s3https://eics3.sdcc.bnl.gov:9000/eictest/EPIC/RECO/23.11.0/epic_craterlake/DIS/NC/10x100/minQ2=1/pythia8NCDIS_10x100_minQ2=1_beamEffects_xAngle=-0.025_hiDiv_5.0675.eicrecon.tree.edm4eic.root,731
s3https://eics3.sdcc.bnl.gov:9000/eictest/EPIC/RECO/23.11.0/epic_craterlake/DIS/NC/10x100/minQ2=1/pythia8NCDIS_10x100_minQ2=1_beamEffects_xAngle=-0.025_hiDiv_3.0763.eicrecon.tree.edm4eic.root,588
s3https://eics3.sdcc.bnl.gov:9000/eictest/EPIC/RECO/23.11.0/epic_craterlake/DIS/NC/10x100/minQ2=1/pythia8NCDIS_10x100_minQ2=1_beamEffects_xAngle=-0.025_hiDiv_1.0589.eicrecon.tree.edm4eic.root,731
s3https://eics3.sdcc.bnl.gov:9000/eictest/EPIC/RECO/23.11.0/epic_craterlake/DIS/NC/10x100/minQ2=1/pythia8NCDIS_10x100_minQ2=1_beamEffects_xAngle=-0.025_hiDiv_1.0535.eicrecon.tree.edm4eic.root,731
s3https://eics3.sdcc.bnl.gov:9000/eictest/EPIC/RECO/23.11.0/epic_craterlake/DIS/NC/10x100/minQ2=1/pythia8NCDIS_10x100_minQ2=1_beamEffects_xAngle=-0.025_hiDiv_2.1159.eicrecon.tree.edm4eic.root,731
s3https://eics3.sdcc.bnl.gov:9000/eictest/EPIC/RECO/23.11.0/epic_craterlake/DIS/NC/10x100/minQ2=1/pythia8NCDIS_10x100_minQ2=1_beamEffects_xAngle=-0.025_hiDiv_5.0869.eicrecon.tree.edm4eic.root,731
s3https://eics3.sdcc.bnl.gov:9000/eictest/EPIC/RECO/23.11.0/epic_craterlake/DIS/NC/10x100/minQ2=1/pythia8NCDIS_10x100_minQ2=1_beamEffects_xAngle=-0.025_hiDiv_3.1090.eicrecon.tree.edm4eic.root,731
s3https://eics3.sdcc.bnl.gov:9000/eictest/EPIC/RECO/23.11.0/epic_craterlake/DIS/NC/10x100/minQ2=1/pythia8NCDIS_10x100_minQ2=1_beamEffects_xAngle=-0.025_hiDiv_5.1186.eicrecon.tree.edm4eic.root,731
s3https://eics3.sdcc.bnl.gov:9000/eictest/EPIC/RECO/23.11.0/epic_craterlake/DIS/NC/10x100/minQ2=1/pythia8NCDIS_10x100_minQ2=1_beamEffects_xAngle=-0.025_hiDiv_4.1278.eicrecon.tree.edm4eic.root,731
s3https://eics3.sdcc.bnl.gov:9000/eictest/EPIC/RECO/23.11.0/epic_craterlake/DIS/NC/10x100/minQ2=1/pythia8NCDIS_10x100_minQ2=1_beamEffects_xAngle=-0.025_hiDiv_1.0702.eicrecon.tree.edm4eic.root,731
s3https://eics3.sdcc.bnl.gov:9000/eictest/EPIC/RECO/23.11.0/epic_craterlake/DIS/NC/10x100/minQ2=1/pythia8NCDIS_10x100_minQ2=1_beamEffects_xAngle=-0.025_hiDiv_4.0537.eicrecon.tree.edm4eic.root,731
s3https://eics3.sdcc.bnl.gov:9000/eictest/EPIC/RECO/23.11.0/epic_craterlake/DIS/NC/10x100/minQ2=1/pythia8NCDIS_10x100_minQ2=1_beamEffects_xAngle=-0.025_hiDiv_2.0421.eicrecon.tree.edm4eic.root,731
s3https://eics3.sdcc.bnl.gov:9000/eictest/EPIC/RECO/23.11.0/epic_craterlake/DIS/NC/10x100/minQ2=1/pythia8NCDIS_10x100_minQ2=1_beamEffects_xAngle=-0.025_hiDiv_5.0442.eicrecon.tree.edm4eic.root,731
s3https://eics3.sdcc.bnl.gov:9000/eictest/EPIC/RECO/23.11.0/epic_craterlake/DIS/NC/10x100/minQ2=1/pythia8NCDIS_10x100_minQ2=1_beamEffects_xAngle=-0.025_hiDiv_3.0554.eicrecon.tree.edm4eic.root,731
s3https://eics3.sdcc.bnl.gov:9000/eictest/EPIC/RECO/23.11.0/epic_craterlake/DIS/NC/10x100/minQ2=1/pythia8NCDIS_10x100_minQ2=1_beamEffects_xAngle=-0.025_hiDiv_3.0204.eicrecon.tree.edm4eic.root,731
s3https://eics3.sdcc.bnl.gov:9000/eictest/EPIC/RECO/23.11.0/epic_craterlake/DIS/NC/10x100/minQ2=1/pythia8NCDIS_10x100_minQ2=1_beamEffects_xAngle=-0.025_hiDiv_5.0312.eicrecon.tree.edm4eic.root,619
s3https://eics3.sdcc.bnl.gov:9000/eictest/EPIC/RECO/23.11.0/epic_craterlake/DIS/NC/10x100/minQ2=1/pythia8NCDIS_10x100_minQ2=1_beamEffects_xAngle=-0.025_hiDiv_2.0371.eicrecon.tree.edm4eic.root,731
s3https://eics3.sdcc.bnl.gov:9000/eictest/EPIC/RECO/23.11.0/epic_craterlake/DIS/NC/10x100/minQ2=1/pythia8NCDIS_10x100_minQ2=1_beamEffects_xAngle=-0.025_hiDiv_4.0267.eicrecon.tree.edm4eic.root,731
s3https://eics3.sdcc.bnl.gov:9000/eictest/EPIC/RECO/23.11.0/epic_craterlake/DIS/NC/10x100/minQ2=1/pythia8NCDIS_10x100_minQ2=1_beamEffects_xAngle=-0.025_hiDiv_1.0052.eicrecon.tree.edm4eic.root,731
s3https://eics3.sdcc.bnl.gov:9000/eictest/EPIC/RECO/23.11.0/epic_craterlake/DIS/NC/10x100/minQ2=1/pythia8NCDIS_10x100_minQ2=1_beamEffects_xAngle=-0.025_hiDiv_1.0480.eicrecon.tree.edm4eic.root,731
s3https://eics3.sdcc.bnl.gov:9000/eictest/EPIC/RECO/23.11.0/epic_craterlake/DIS/NC/10x100/minQ2=1/pythia8NCDIS_10x100_minQ2=1_beamEffects_xAngle=-0.025_hiDiv_4.0609.eicrecon.tree.edm4eic.root,731
s3https://eics3.sdcc.bnl.gov:9000/eictest/EPIC/RECO/23.11.0/epic_craterlake/DIS/NC/10x100/minQ2=1/pythia8NCDIS_10x100_minQ2=1_beamEffects_xAngle=-0.025_hiDiv_4.0159.eicrecon.tree.edm4eic.root,731
s3https://eics3.sdcc.bnl.gov:9000/eictest/EPIC/RECO/23.11.0/epic_craterlake/DIS/NC/10x100/minQ2=1/pythia8NCDIS_10x100_minQ2=1_beamEffects_xAngle=-0.025_hiDiv_3.0186.eicrecon.tree.edm4eic.root,731
s3https://eics3.sdcc.bnl.gov:9000/eictest/EPIC/RECO/23.11.0/epic_craterlake/DIS/NC/10x100/minQ2=1/pythia8NCDIS_10x100_minQ2=1_beamEffects_xAngle=-0.025_hiDiv_5.0090.eicrecon.tree.edm4eic.root,731
s3https://eics3.sdcc.bnl.gov:9000/eictest/EPIC/RECO/23.11.0/epic_craterlake/DIS/NC/10x100/minQ2=1/pythia8NCDIS_10x100_minQ2=1_beamEffects_xAngle=-0.025_hiDiv_3.0876.eicrecon.tree.edm4eic.root,731
s3https://eics3.sdcc.bnl.gov:9000/eictest/EPIC/RECO/23.11.0/epic_craterlake/DIS/NC/10x100/minQ2=1/pythia8NCDIS_10x100_minQ2=1_beamEffects_xAngle=-0.025_hiDiv_5.0960.eicrecon.tree.edm4eic.root,731
s3https://eics3.sdcc.bnl.gov:9000/eictest/EPIC/RECO/23.11.0/epic_craterlake/DIS/NC/10x100/minQ2=1/pythia8NCDIS_10x100_minQ2=1_beamEffects_xAngle=-0.025_hiDiv_2.0903.eicrecon.tree.edm4eic.root,731
s3https://eics3.sdcc.bnl.gov:9000/eictest/EPIC/RECO/23.11.0/epic_craterlake/DIS/NC/10x100/minQ2=1/pythia8NCDIS_10x100_minQ2=1_beamEffects_xAngle=-0.025_hiDiv_4.0815.eicrecon.tree.edm4eic.root,731
s3https://eics3.sdcc.bnl.gov:9000/eictest/EPIC/RECO/23.11.0/epic_craterlake/DIS/NC/10x100/minQ2=1/pythia8NCDIS_10x100_minQ2=1_beamEffects_xAngle=-0.025_hiDiv_3.1199.eicrecon.tree.edm4eic.root,731
s3https://eics3.sdcc.bnl.gov:9000/eictest/EPIC/RECO/23.11.0/epic_craterlake/DIS/NC/10x100/minQ2=1/pythia8NCDIS_10x100_minQ2=1_beamEffects_xAngle=-0.025_hiDiv_3.1125.eicrecon.tree.edm4eic.root,731
s3https://eics3.sdcc.bnl.gov:9000/eictest/EPIC/RECO/23.11.0/epic_craterlake/DIS/NC/10x100/minQ2=1/pythia8NCDIS_10x100_minQ2=1_beamEffects_xAngle=-0.025_hiDiv_5.1033.eicrecon.tree.edm4eic.root,731
s3https://eics3.sdcc.bnl.gov:9000/eictest/EPIC/RECO/23.11.0/epic_craterlake/DIS/NC/10x100/minQ2=1/pythia8NCDIS_10x100_minQ2=1_beamEffects_xAngle=-0.025_hiDiv_2.1050.eicrecon.tree.edm4eic.root,731
s3https://eics3.sdcc.bnl.gov:9000/eictest/EPIC/RECO/23.11.0/epic_craterlake/DIS/NC/10x100/minQ2=1/pythia8NCDIS_10x100_minQ2=1_beamEffects_xAngle=-0.025_hiDiv_4.1146.eicrecon.tree.edm4eic.root,731
s3https://eics3.sdcc.bnl.gov:9000/eictest/EPIC/RECO/23.11.0/epic_craterlake/DIS/NC/10x100/minQ2=1/pythia8NCDIS_10x100_minQ2=1_beamEffects_xAngle=-0.025_hiDiv_1.0817.eicrecon.tree.edm4eic.root,731
s3https://eics3.sdcc.bnl.gov:9000/eictest/EPIC/RECO/23.11.0/epic_craterlake/DIS/NC/10x100/minQ2=1/pythia8NCDIS_10x100_minQ2=1_beamEffects_xAngle=-0.025_hiDiv_3.1312.eicrecon.tree.edm4eic.root,731
s3https://eics3.sdcc.bnl.gov:9000/eictest/EPIC/RECO/23.11.0/epic_craterlake/DIS/NC/10x100/minQ2=1/pythia8NCDIS_10x100_minQ2=1_beamEffects_xAngle=-0.025_hiDiv_5.1204.eicrecon.tree.edm4eic.root,731
s3https://eics3.sdcc.bnl.gov:9000/eictest/EPIC/RECO/23.11.0/epic_craterlake/DIS/NC/10x100/minQ2=1/pythia8NCDIS_10x100_minQ2=1_beamEffects_xAngle=-0.025_hiDiv_2.1267.eicrecon.tree.edm4eic.root,731
s3https://eics3.sdcc.bnl.gov:9000/eictest/EPIC/RECO/23.11.0/epic_craterlake/DIS/NC/10x100/minQ2=1/pythia8NCDIS_10x100_minQ2=1_beamEffects_xAngle=-0.025_hiDiv_1.1144.eicrecon.tree.edm4eic.root,731
s3https://eics3.sdcc.bnl.gov:9000/eictest/EPIC/RECO/23.11.0/epic_craterlake/DIS/NC/10x100/minQ2=1/pythia8NCDIS_10x100_minQ2=1_beamEffects_xAngle=-0.025_hiDiv_2.0278.eicrecon.tree.edm4eic.root,731
s3https://eics3.sdcc.bnl.gov:9000/eictest/EPIC/RECO/23.11.0/epic_craterlake/DIS/NC/10x100/minQ2=1/pythia8NCDIS_10x100_minQ2=1_beamEffects_xAngle=-0.025_hiDiv_2.0528.eicrecon.tree.edm4eic.root,731
s3https://eics3.sdcc.bnl.gov:9000/eictest/EPIC/RECO/23.11.0/epic_craterlake/DIS/NC/10x100/minQ2=1/pythia8NCDIS_10x100_minQ2=1_beamEffects_xAngle=-0.025_hiDiv_4.0482.eicrecon.tree.edm4eic.root,731
s3https://eics3.sdcc.bnl.gov:9000/eictest/EPIC/RECO/23.11.0/epic_craterlake/DIS/NC/10x100/minQ2=1/pythia8NCDIS_10x100_minQ2=1_beamEffects_xAngle=-0.025_hiDiv_2.0594.eicrecon.tree.edm4eic.root,731
s3https://eics3.sdcc.bnl.gov:9000/eictest/EPIC/RECO/23.11.0/epic_craterlake/DIS/NC/10x100/minQ2=1/pythia8NCDIS_10x100_minQ2=1_beamEffects_xAngle=-0.025_hiDiv_4.0669.eicrecon.tree.edm4eic.root,322
s3https://eics3.sdcc.bnl.gov:9000/eictest/EPIC/RECO/23.11.0/epic_craterlake/DIS/NC/10x100/minQ2=1/pythia8NCDIS_10x100_minQ2=1_beamEffects_xAngle=-0.025_hiDiv_2.0093.eicrecon.tree.edm4eic.root,731
s3https://eics3.sdcc.bnl.gov:9000/eictest/EPIC/RECO/23.11.0/epic_craterlake/DIS/NC/10x100/minQ2=1/pythia8NCDIS_10x100_minQ2=1_beamEffects_xAngle=-0.025_hiDiv_4.0185.eicrecon.tree.edm4eic.root,731
s3https://eics3.sdcc.bnl.gov:9000/eictest/EPIC/RECO/23.11.0/epic_craterlake/DIS/NC/10x100/minQ2=1/pythia8NCDIS_10x100_minQ2=1_beamEffects_xAngle=-0.025_hiDiv_4.0139.eicrecon.tree.edm4eic.root,731
s3https://eics3.sdcc.bnl.gov:9000/eictest/EPIC/RECO/23.11.0/epic_craterlake/DIS/NC/10x100/minQ2=1/pythia8NCDIS_10x100_minQ2=1_beamEffects_xAngle=-0.025_hiDiv_2.1030.eicrecon.tree.edm4eic.root,731
s3https://eics3.sdcc.bnl.gov:9000/eictest/EPIC/RECO/23.11.0/epic_craterlake/DIS/NC/10x100/minQ2=1/pythia8NCDIS_10x100_minQ2=1_beamEffects_xAngle=-0.025_hiDiv_4.1126.eicrecon.tree.edm4eic.root,731
s3https://eics3.sdcc.bnl.gov:9000/eictest/EPIC/RECO/23.11.0/epic_craterlake/DIS/NC/10x100/minQ2=1/pythia8NCDIS_10x100_minQ2=1_beamEffects_xAngle=-0.025_hiDiv_3.1145.eicrecon.tree.edm4eic.root,731
s3https://eics3.sdcc.bnl.gov:9000/eictest/EPIC/RECO/23.11.0/epic_craterlake/DIS/NC/10x100/minQ2=1/pythia8NCDIS_10x100_minQ2=1_beamEffects_xAngle=-0.025_hiDiv_5.1053.eicrecon.tree.edm4eic.root,731
s3https://eics3.sdcc.bnl.gov:9000/eictest/EPIC/RECO/23.11.0/epic_craterlake/DIS/NC/10x100/minQ2=1/pythia8NCDIS_10x100_minQ2=1_beamEffects_xAngle=-0.025_hiDiv_2.0963.eicrecon.tree.edm4eic.root,731
s3https://eics3.sdcc.bnl.gov:9000/eictest/EPIC/RECO/23.11.0/epic_craterlake/DIS/NC/10x100/minQ2=1/pythia8NCDIS_10x100_minQ2=1_beamEffects_xAngle=-0.025_hiDiv_4.0875.eicrecon.tree.edm4eic.root,731
s3https://eics3.sdcc.bnl.gov:9000/eictest/EPIC/RECO/23.11.0/epic_craterlake/DIS/NC/10x100/minQ2=1/pythia8NCDIS_10x100_minQ2=1_beamEffects_xAngle=-0.025_hiDiv_3.0816.eicrecon.tree.edm4eic.root,731
s3https://eics3.sdcc.bnl.gov:9000/eictest/EPIC/RECO/23.11.0/epic_craterlake/DIS/NC/10x100/minQ2=1/pythia8NCDIS_10x100_minQ2=1_beamEffects_xAngle=-0.025_hiDiv_5.0900.eicrecon.tree.edm4eic.root,731
s3https://eics3.sdcc.bnl.gov:9000/eictest/EPIC/RECO/23.11.0/epic_craterlake/DIS/NC/10x100/minQ2=1/pythia8NCDIS_10x100_minQ2=1_beamEffects_xAngle=-0.025_hiDiv_1.1313.eicrecon.tree.edm4eic.root,731
s3https://eics3.sdcc.bnl.gov:9000/eictest/EPIC/RECO/23.11.0/epic_craterlake/DIS/NC/10x100/minQ2=1/pythia8NCDIS_10x100_minQ2=1_beamEffects_xAngle=-0.025_hiDiv_1.1124.eicrecon.tree.edm4eic.root,731
s3https://eics3.sdcc.bnl.gov:9000/eictest/EPIC/RECO/23.11.0/epic_craterlake/DIS/NC/10x100/minQ2=1/pythia8NCDIS_10x100_minQ2=1_beamEffects_xAngle=-0.025_hiDiv_1.0877.eicrecon.tree.edm4eic.root,731
s3https://eics3.sdcc.bnl.gov:9000/eictest/EPIC/RECO/23.11.0/epic_craterlake/DIS/NC/10x100/minQ2=1/pythia8NCDIS_10x100_minQ2=1_beamEffects_xAngle=-0.025_hiDiv_1.1198.eicrecon.tree.edm4eic.root,731
s3https://eics3.sdcc.bnl.gov:9000/eictest/EPIC/RECO/23.11.0/epic_craterlake/DIS/NC/10x100/minQ2=1/pythia8NCDIS_10x100_minQ2=1_beamEffects_xAngle=-0.025_hiDiv_2.1207.eicrecon.tree.edm4eic.root,731
s3https://eics3.sdcc.bnl.gov:9000/eictest/EPIC/RECO/23.11.0/epic_craterlake/DIS/NC/10x100/minQ2=1/pythia8NCDIS_10x100_minQ2=1_beamEffects_xAngle=-0.025_hiDiv_4.1311.eicrecon.tree.edm4eic.root,731
s3https://eics3.sdcc.bnl.gov:9000/eictest/EPIC/RECO/23.11.0/epic_craterlake/DIS/NC/10x100/minQ2=1/pythia8NCDIS_10x100_minQ2=1_beamEffects_xAngle=-0.025_hiDiv_5.1264.eicrecon.tree.edm4eic.root,731
s3https://eics3.sdcc.bnl.gov:9000/eictest/EPIC/RECO/23.11.0/epic_craterlake/DIS/NC/10x100/minQ2=1/pythia8NCDIS_10x100_minQ2=1_beamEffects_xAngle=-0.025_hiDiv_1.0187.eicrecon.tree.edm4eic.root,731
s3https://eics3.sdcc.bnl.gov:9000/eictest/EPIC/RECO/23.11.0/epic_craterlake/DIS/NC/10x100/minQ2=1/pythia8NCDIS_10x100_minQ2=1_beamEffects_xAngle=-0.025_hiDiv_2.0218.eicrecon.tree.edm4eic.root,731
s3https://eics3.sdcc.bnl.gov:9000/eictest/EPIC/RECO/23.11.0/epic_craterlake/DIS/NC/10x100/minQ2=1/pythia8NCDIS_10x100_minQ2=1_beamEffects_xAngle=-0.025_hiDiv_5.0597.eicrecon.tree.edm4eic.root,731
s3https://eics3.sdcc.bnl.gov:9000/eictest/EPIC/RECO/23.11.0/epic_craterlake/DIS/NC/10x100/minQ2=1/pythia8NCDIS_10x100_minQ2=1_beamEffects_xAngle=-0.025_hiDiv_3.0481.eicrecon.tree.edm4eic.root,731
s3https://eics3.sdcc.bnl.gov:9000/eictest/EPIC/RECO/23.11.0/epic_craterlake/DIS/NC/10x100/minQ2=1/pythia8NCDIS_10x100_minQ2=1_beamEffects_xAngle=-0.025_hiDiv_2.0548.eicrecon.tree.edm4eic.root,731
s3https://eics3.sdcc.bnl.gov:9000/eictest/EPIC/RECO/23.11.0/epic_craterlake/DIS/NC/10x100/minQ2=1/pythia8NCDIS_10x100_minQ2=1_beamEffects_xAngle=-0.025_hiDiv_2.0126.eicrecon.tree.edm4eic.root,731
s3https://eics3.sdcc.bnl.gov:9000/eictest/EPIC/RECO/23.11.0/epic_craterlake/DIS/NC/10x100/minQ2=1/pythia8NCDIS_10x100_minQ2=1_beamEffects_xAngle=-0.025_hiDiv_4.0030.eicrecon.tree.edm4eic.root,731
s3https://eics3.sdcc.bnl.gov:9000/eictest/EPIC/RECO/23.11.0/epic_craterlake/DIS/NC/10x100/minQ2=1/pythia8NCDIS_10x100_minQ2=1_beamEffects_xAngle=-0.025_hiDiv_3.0053.eicrecon.tree.edm4eic.root,731
s3https://eics3.sdcc.bnl.gov:9000/eictest/EPIC/RECO/23.11.0/epic_craterlake/DIS/NC/10x100/minQ2=1/pythia8NCDIS_10x100_minQ2=1_beamEffects_xAngle=-0.025_hiDiv_5.0145.eicrecon.tree.edm4eic.root,731
s3https://eics3.sdcc.bnl.gov:9000/eictest/EPIC/RECO/23.11.0/epic_craterlake/DIS/NC/10x100/minQ2=1/pythia8NCDIS_10x100_minQ2=1_beamEffects_xAngle=-0.025_hiDiv_1.0205.eicrecon.tree.edm4eic.root,731
s3https://eics3.sdcc.bnl.gov:9000/eictest/EPIC/RECO/23.11.0/epic_craterlake/DIS/NC/10x100/minQ2=1/pythia8NCDIS_10x100_minQ2=1_beamEffects_xAngle=-0.025_hiDiv_1.0555.eicrecon.tree.edm4eic.root,731
s3https://eics3.sdcc.bnl.gov:9000/eictest/EPIC/RECO/23.11.0/epic_craterlake/DIS/NC/10x100/minQ2=1/pythia8NCDIS_10x100_minQ2=1_beamEffects_xAngle=-0.025_hiDiv_5.0615.eicrecon.tree.edm4eic.root,731
s3https://eics3.sdcc.bnl.gov:9000/eictest/EPIC/RECO/23.11.0/epic_craterlake/DIS/NC/10x100/minQ2=1/pythia8NCDIS_10x100_minQ2=1_beamEffects_xAngle=-0.025_hiDiv_3.0703.eicrecon.tree.edm4eic.root,731
s3https://eics3.sdcc.bnl.gov:9000/eictest/EPIC/RECO/23.11.0/epic_craterlake/DIS/NC/10x100/minQ2=1/pythia8NCDIS_10x100_minQ2=1_beamEffects_xAngle=-0.025_hiDiv_4.0760.eicrecon.tree.edm4eic.root,731
s3https://eics3.sdcc.bnl.gov:9000/eictest/EPIC/RECO/23.11.0/epic_craterlake/DIS/NC/10x100/minQ2=1/pythia8NCDIS_10x100_minQ2=1_beamEffects_xAngle=-0.025_hiDiv_2.0676.eicrecon.tree.edm4eic.root,731
s3https://eics3.sdcc.bnl.gov:9000/eictest/EPIC/RECO/23.11.0/epic_craterlake/DIS/NC/10x100/minQ2=1/pythia8NCDIS_10x100_minQ2=1_beamEffects_xAngle=-0.025_hiDiv_5.0809.eicrecon.tree.edm4eic.root,731
s3https://eics3.sdcc.bnl.gov:9000/eictest/EPIC/RECO/23.11.0/epic_craterlake/DIS/NC/10x100/minQ2=1/pythia8NCDIS_10x100_minQ2=1_beamEffects_xAngle=-0.025_hiDiv_2.1185.eicrecon.tree.edm4eic.root,731
s3https://eics3.sdcc.bnl.gov:9000/eictest/EPIC/RECO/23.11.0/epic_craterlake/DIS/NC/10x100/minQ2=1/pythia8NCDIS_10x100_minQ2=1_beamEffects_xAngle=-0.025_hiDiv_4.1093.eicrecon.tree.edm4eic.root,731
s3https://eics3.sdcc.bnl.gov:9000/eictest/EPIC/RECO/23.11.0/epic_craterlake/DIS/NC/10x100/minQ2=1/pythia8NCDIS_10x100_minQ2=1_beamEffects_xAngle=-0.025_hiDiv_2.1139.eicrecon.tree.edm4eic.root,731
s3https://eics3.sdcc.bnl.gov:9000/eictest/EPIC/RECO/23.11.0/epic_craterlake/DIS/NC/10x100/minQ2=1/pythia8NCDIS_10x100_minQ2=1_beamEffects_xAngle=-0.025_hiDiv_4.1218.eicrecon.tree.edm4eic.root,731
s3https://eics3.sdcc.bnl.gov:9000/eictest/EPIC/RECO/23.11.0/epic_craterlake/DIS/NC/10x100/minQ2=1/pythia8NCDIS_10x100_minQ2=1_beamEffects_xAngle=-0.025_hiDiv_1.1091.eicrecon.tree.edm4eic.root,731
s3https://eics3.sdcc.bnl.gov:9000/eictest/EPIC/RECO/23.11.0/epic_craterlake/DIS/NC/10x100/minQ2=1/pythia8NCDIS_10x100_minQ2=1_beamEffects_xAngle=-0.025_hiDiv_5.0422.eicrecon.tree.edm4eic.root,731
s3https://eics3.sdcc.bnl.gov:9000/eictest/EPIC/RECO/23.11.0/epic_craterlake/DIS/NC/10x100/minQ2=1/pythia8NCDIS_10x100_minQ2=1_beamEffects_xAngle=-0.025_hiDiv_3.0534.eicrecon.tree.edm4eic.root,731
s3https://eics3.sdcc.bnl.gov:9000/eictest/EPIC/RECO/23.11.0/epic_craterlake/DIS/NC/10x100/minQ2=1/pythia8NCDIS_10x100_minQ2=1_beamEffects_xAngle=-0.025_hiDiv_4.0557.eicrecon.tree.edm4eic.root,731
s3https://eics3.sdcc.bnl.gov:9000/eictest/EPIC/RECO/23.11.0/epic_craterlake/DIS/NC/10x100/minQ2=1/pythia8NCDIS_10x100_minQ2=1_beamEffects_xAngle=-0.025_hiDiv_2.0441.eicrecon.tree.edm4eic.root,731
s3https://eics3.sdcc.bnl.gov:9000/eictest/EPIC/RECO/23.11.0/epic_craterlake/DIS/NC/10x100/minQ2=1/pythia8NCDIS_10x100_minQ2=1_beamEffects_xAngle=-0.025_hiDiv_1.0762.eicrecon.tree.edm4eic.root,731
s3https://eics3.sdcc.bnl.gov:9000/eictest/EPIC/RECO/23.11.0/epic_craterlake/DIS/NC/10x100/minQ2=1/pythia8NCDIS_10x100_minQ2=1_beamEffects_xAngle=-0.025_hiDiv_3.0588.eicrecon.tree.edm4eic.root,731
s3https://eics3.sdcc.bnl.gov:9000/eictest/EPIC/RECO/23.11.0/epic_craterlake/DIS/NC/10x100/minQ2=1/pythia8NCDIS_10x100_minQ2=1_beamEffects_xAngle=-0.025_hiDiv_1.0032.eicrecon.tree.edm4eic.root,731
s3https://eics3.sdcc.bnl.gov:9000/eictest/EPIC/RECO/23.11.0/epic_craterlake/DIS/NC/10x100/minQ2=1/pythia8NCDIS_10x100_minQ2=1_beamEffects_xAngle=-0.025_hiDiv_2.0311.eicrecon.tree.edm4eic.root,731
s3https://eics3.sdcc.bnl.gov:9000/eictest/EPIC/RECO/23.11.0/epic_craterlake/DIS/NC/10x100/minQ2=1/pythia8NCDIS_10x100_minQ2=1_beamEffects_xAngle=-0.025_hiDiv_4.0207.eicrecon.tree.edm4eic.root,731
s3https://eics3.sdcc.bnl.gov:9000/eictest/EPIC/RECO/23.11.0/epic_craterlake/DIS/NC/10x100/minQ2=1/pythia8NCDIS_10x100_minQ2=1_beamEffects_xAngle=-0.025_hiDiv_3.0264.eicrecon.tree.edm4eic.root,731
s3https://eics3.sdcc.bnl.gov:9000/eictest/EPIC/RECO/23.11.0/epic_craterlake/DIS/NC/10x100/minQ2=1/pythia8NCDIS_10x100_minQ2=1_beamEffects_xAngle=-0.025_hiDiv_5.0372.eicrecon.tree.edm4eic.root,731
s3https://eics3.sdcc.bnl.gov:9000/eictest/EPIC/RECO/23.11.0/epic_craterlake/DIS/NC/10x100/minQ2=1/pythia8NCDIS_10x100_minQ2=1_beamEffects_xAngle=-0.025_hiDiv_3.0027.eicrecon.tree.edm4eic.root,731
s3https://eics3.sdcc.bnl.gov:9000/eictest/EPIC/RECO/23.11.0/epic_craterlake/DIS/NC/10x100/minQ2=1/pythia8NCDIS_10x100_minQ2=1_beamEffects_xAngle=-0.025_hiDiv_5.0131.eicrecon.tree.edm4eic.root,731
s3https://eics3.sdcc.bnl.gov:9000/eictest/EPIC/RECO/23.11.0/epic_craterlake/DIS/NC/10x100/minQ2=1/pythia8NCDIS_10x100_minQ2=1_beamEffects_xAngle=-0.025_hiDiv_2.0152.eicrecon.tree.edm4eic.root,731
s3https://eics3.sdcc.bnl.gov:9000/eictest/EPIC/RECO/23.11.0/epic_craterlake/DIS/NC/10x100/minQ2=1/pythia8NCDIS_10x100_minQ2=1_beamEffects_xAngle=-0.025_hiDiv_4.0044.eicrecon.tree.edm4eic.root,731
s3https://eics3.sdcc.bnl.gov:9000/eictest/EPIC/RECO/23.11.0/epic_craterlake/DIS/NC/10x100/minQ2=1/pythia8NCDIS_10x100_minQ2=1_beamEffects_xAngle=-0.025_hiDiv_1.0271.eicrecon.tree.edm4eic.root,731
s3https://eics3.sdcc.bnl.gov:9000/eictest/EPIC/RECO/23.11.0/epic_craterlake/DIS/NC/10x100/minQ2=1/pythia8NCDIS_10x100_minQ2=1_beamEffects_xAngle=-0.025_hiDiv_1.0521.eicrecon.tree.edm4eic.root,731
s3https://eics3.sdcc.bnl.gov:9000/eictest/EPIC/RECO/23.11.0/epic_craterlake/DIS/NC/10x100/minQ2=1/pythia8NCDIS_10x100_minQ2=1_beamEffects_xAngle=-0.025_hiDiv_4.0714.eicrecon.tree.edm4eic.root,307
s3https://eics3.sdcc.bnl.gov:9000/eictest/EPIC/RECO/23.11.0/epic_craterlake/DIS/NC/10x100/minQ2=1/pythia8NCDIS_10x100_minQ2=1_beamEffects_xAngle=-0.025_hiDiv_2.0602.eicrecon.tree.edm4eic.root,731
s3https://eics3.sdcc.bnl.gov:9000/eictest/EPIC/RECO/23.11.0/epic_craterlake/DIS/NC/10x100/minQ2=1/pythia8NCDIS_10x100_minQ2=1_beamEffects_xAngle=-0.025_hiDiv_5.0661.eicrecon.tree.edm4eic.root,731
s3https://eics3.sdcc.bnl.gov:9000/eictest/EPIC/RECO/23.11.0/epic_craterlake/DIS/NC/10x100/minQ2=1/pythia8NCDIS_10x100_minQ2=1_beamEffects_xAngle=-0.025_hiDiv_3.0777.eicrecon.tree.edm4eic.root,731
s3https://eics3.sdcc.bnl.gov:9000/eictest/EPIC/RECO/23.11.0/epic_craterlake/DIS/NC/10x100/minQ2=1/pythia8NCDIS_10x100_minQ2=1_beamEffects_xAngle=-0.025_hiDiv_3.1084.eicrecon.tree.edm4eic.root,731
s3https://eics3.sdcc.bnl.gov:9000/eictest/EPIC/RECO/23.11.0/epic_craterlake/DIS/NC/10x100/minQ2=1/pythia8NCDIS_10x100_minQ2=1_beamEffects_xAngle=-0.025_hiDiv_5.1192.eicrecon.tree.edm4eic.root,731
s3https://eics3.sdcc.bnl.gov:9000/eictest/EPIC/RECO/23.11.0/epic_craterlake/DIS/NC/10x100/minQ2=1/pythia8NCDIS_10x100_minQ2=1_beamEffects_xAngle=-0.025_hiDiv_4.0908.eicrecon.tree.edm4eic.root,731
s3https://eics3.sdcc.bnl.gov:9000/eictest/EPIC/RECO/23.11.0/epic_craterlake/DIS/NC/10x100/minQ2=1/pythia8NCDIS_10x100_minQ2=1_beamEffects_xAngle=-0.025_hiDiv_3.1038.eicrecon.tree.edm4eic.root,731
s3https://eics3.sdcc.bnl.gov:9000/eictest/EPIC/RECO/23.11.0/epic_craterlake/DIS/NC/10x100/minQ2=1/pythia8NCDIS_10x100_minQ2=1_beamEffects_xAngle=-0.025_hiDiv_5.1319.eicrecon.tree.edm4eic.root,731
s3https://eics3.sdcc.bnl.gov:9000/eictest/EPIC/RECO/23.11.0/epic_craterlake/DIS/NC/10x100/minQ2=1/pythia8NCDIS_10x100_minQ2=1_beamEffects_xAngle=-0.025_hiDiv_1.1059.eicrecon.tree.edm4eic.root,731
s3https://eics3.sdcc.bnl.gov:9000/eictest/EPIC/RECO/23.11.0/epic_craterlake/DIS/NC/10x100/minQ2=1/pythia8NCDIS_10x100_minQ2=1_beamEffects_xAngle=-0.025_hiDiv_4.0523.eicrecon.tree.edm4eic.root,731
s3https://eics3.sdcc.bnl.gov:9000/eictest/EPIC/RECO/23.11.0/epic_craterlake/DIS/NC/10x100/minQ2=1/pythia8NCDIS_10x100_minQ2=1_beamEffects_xAngle=-0.025_hiDiv_2.0435.eicrecon.tree.edm4eic.root,731
s3https://eics3.sdcc.bnl.gov:9000/eictest/EPIC/RECO/23.11.0/epic_craterlake/DIS/NC/10x100/minQ2=1/pythia8NCDIS_10x100_minQ2=1_beamEffects_xAngle=-0.025_hiDiv_5.0456.eicrecon.tree.edm4eic.root,731
s3https://eics3.sdcc.bnl.gov:9000/eictest/EPIC/RECO/23.11.0/epic_craterlake/DIS/NC/10x100/minQ2=1/pythia8NCDIS_10x100_minQ2=1_beamEffects_xAngle=-0.025_hiDiv_3.0540.eicrecon.tree.edm4eic.root,731
s3https://eics3.sdcc.bnl.gov:9000/eictest/EPIC/RECO/23.11.0/epic_craterlake/DIS/NC/10x100/minQ2=1/pythia8NCDIS_10x100_minQ2=1_beamEffects_xAngle=-0.025_hiDiv_2.0489.eicrecon.tree.edm4eic.root,731
s3https://eics3.sdcc.bnl.gov:9000/eictest/EPIC/RECO/23.11.0/epic_craterlake/DIS/NC/10x100/minQ2=1/pythia8NCDIS_10x100_minQ2=1_beamEffects_xAngle=-0.025_hiDiv_1.0716.eicrecon.tree.edm4eic.root,731
s3https://eics3.sdcc.bnl.gov:9000/eictest/EPIC/RECO/23.11.0/epic_craterlake/DIS/NC/10x100/minQ2=1/pythia8NCDIS_10x100_minQ2=1_beamEffects_xAngle=-0.025_hiDiv_1.0046.eicrecon.tree.edm4eic.root,731
s3https://eics3.sdcc.bnl.gov:9000/eictest/EPIC/RECO/23.11.0/epic_craterlake/DIS/NC/10x100/minQ2=1/pythia8NCDIS_10x100_minQ2=1_beamEffects_xAngle=-0.025_hiDiv_3.0210.eicrecon.tree.edm4eic.root,731
s3https://eics3.sdcc.bnl.gov:9000/eictest/EPIC/RECO/23.11.0/epic_craterlake/DIS/NC/10x100/minQ2=1/pythia8NCDIS_10x100_minQ2=1_beamEffects_xAngle=-0.025_hiDiv_5.0306.eicrecon.tree.edm4eic.root,731
s3https://eics3.sdcc.bnl.gov:9000/eictest/EPIC/RECO/23.11.0/epic_craterlake/DIS/NC/10x100/minQ2=1/pythia8NCDIS_10x100_minQ2=1_beamEffects_xAngle=-0.025_hiDiv_2.0365.eicrecon.tree.edm4eic.root,731
s3https://eics3.sdcc.bnl.gov:9000/eictest/EPIC/RECO/23.11.0/epic_craterlake/DIS/NC/10x100/minQ2=1/pythia8NCDIS_10x100_minQ2=1_beamEffects_xAngle=-0.025_hiDiv_4.0273.eicrecon.tree.edm4eic.root,731
s3https://eics3.sdcc.bnl.gov:9000/eictest/EPIC/RECO/23.11.0/epic_craterlake/DIS/NC/10x100/minQ2=1/pythia8NCDIS_10x100_minQ2=1_beamEffects_xAngle=-0.025_hiDiv_1.0494.eicrecon.tree.edm4eic.root,731
s3https://eics3.sdcc.bnl.gov:9000/eictest/EPIC/RECO/23.11.0/epic_craterlake/DIS/NC/10x100/minQ2=1/pythia8NCDIS_10x100_minQ2=1_beamEffects_xAngle=-0.025_hiDiv_5.0768.eicrecon.tree.edm4eic.root,731
s3https://eics3.sdcc.bnl.gov:9000/eictest/EPIC/RECO/23.11.0/epic_craterlake/DIS/NC/10x100/minQ2=1/pythia8NCDIS_10x100_minQ2=1_beamEffects_xAngle=-0.025_hiDiv_1.0428.eicrecon.tree.edm4eic.root,731
s3https://eics3.sdcc.bnl.gov:9000/eictest/EPIC/RECO/23.11.0/epic_craterlake/DIS/NC/10x100/minQ2=1/pythia8NCDIS_10x100_minQ2=1_beamEffects_xAngle=-0.025_hiDiv_3.0192.eicrecon.tree.edm4eic.root,731
s3https://eics3.sdcc.bnl.gov:9000/eictest/EPIC/RECO/23.11.0/epic_craterlake/DIS/NC/10x100/minQ2=1/pythia8NCDIS_10x100_minQ2=1_beamEffects_xAngle=-0.025_hiDiv_5.0084.eicrecon.tree.edm4eic.root,731
s3https://eics3.sdcc.bnl.gov:9000/eictest/EPIC/RECO/23.11.0/epic_craterlake/DIS/NC/10x100/minQ2=1/pythia8NCDIS_10x100_minQ2=1_beamEffects_xAngle=-0.025_hiDiv_1.0378.eicrecon.tree.edm4eic.root,731
s3https://eics3.sdcc.bnl.gov:9000/eictest/EPIC/RECO/23.11.0/epic_craterlake/DIS/NC/10x100/minQ2=1/pythia8NCDIS_10x100_minQ2=1_beamEffects_xAngle=-0.025_hiDiv_5.0038.eicrecon.tree.edm4eic.root,731
s3https://eics3.sdcc.bnl.gov:9000/eictest/EPIC/RECO/23.11.0/epic_craterlake/DIS/NC/10x100/minQ2=1/pythia8NCDIS_10x100_minQ2=1_beamEffects_xAngle=-0.025_hiDiv_3.1131.eicrecon.tree.edm4eic.root,731
s3https://eics3.sdcc.bnl.gov:9000/eictest/EPIC/RECO/23.11.0/epic_craterlake/DIS/NC/10x100/minQ2=1/pythia8NCDIS_10x100_minQ2=1_beamEffects_xAngle=-0.025_hiDiv_5.1027.eicrecon.tree.edm4eic.root,731
s3https://eics3.sdcc.bnl.gov:9000/eictest/EPIC/RECO/23.11.0/epic_craterlake/DIS/NC/10x100/minQ2=1/pythia8NCDIS_10x100_minQ2=1_beamEffects_xAngle=-0.025_hiDiv_2.1044.eicrecon.tree.edm4eic.root,731
s3https://eics3.sdcc.bnl.gov:9000/eictest/EPIC/RECO/23.11.0/epic_craterlake/DIS/NC/10x100/minQ2=1/pythia8NCDIS_10x100_minQ2=1_beamEffects_xAngle=-0.025_hiDiv_4.1152.eicrecon.tree.edm4eic.root,731
s3https://eics3.sdcc.bnl.gov:9000/eictest/EPIC/RECO/23.11.0/epic_craterlake/DIS/NC/10x100/minQ2=1/pythia8NCDIS_10x100_minQ2=1_beamEffects_xAngle=-0.025_hiDiv_3.0862.eicrecon.tree.edm4eic.root,731
s3https://eics3.sdcc.bnl.gov:9000/eictest/EPIC/RECO/23.11.0/epic_craterlake/DIS/NC/10x100/minQ2=1/pythia8NCDIS_10x100_minQ2=1_beamEffects_xAngle=-0.025_hiDiv_5.0974.eicrecon.tree.edm4eic.root,731
s3https://eics3.sdcc.bnl.gov:9000/eictest/EPIC/RECO/23.11.0/epic_craterlake/DIS/NC/10x100/minQ2=1/pythia8NCDIS_10x100_minQ2=1_beamEffects_xAngle=-0.025_hiDiv_2.0917.eicrecon.tree.edm4eic.root,731
s3https://eics3.sdcc.bnl.gov:9000/eictest/EPIC/RECO/23.11.0/epic_craterlake/DIS/NC/10x100/minQ2=1/pythia8NCDIS_10x100_minQ2=1_beamEffects_xAngle=-0.025_hiDiv_4.0801.eicrecon.tree.edm4eic.root,731
s3https://eics3.sdcc.bnl.gov:9000/eictest/EPIC/RECO/23.11.0/epic_craterlake/DIS/NC/10x100/minQ2=1/pythia8NCDIS_10x100_minQ2=1_beamEffects_xAngle=-0.025_hiDiv_1.1150.eicrecon.tree.edm4eic.root,731
s3https://eics3.sdcc.bnl.gov:9000/eictest/EPIC/RECO/23.11.0/epic_craterlake/DIS/NC/10x100/minQ2=1/pythia8NCDIS_10x100_minQ2=1_beamEffects_xAngle=-0.025_hiDiv_3.1306.eicrecon.tree.edm4eic.root,731
s3https://eics3.sdcc.bnl.gov:9000/eictest/EPIC/RECO/23.11.0/epic_craterlake/DIS/NC/10x100/minQ2=1/pythia8NCDIS_10x100_minQ2=1_beamEffects_xAngle=-0.025_hiDiv_5.1210.eicrecon.tree.edm4eic.root,731
s3https://eics3.sdcc.bnl.gov:9000/eictest/EPIC/RECO/23.11.0/epic_craterlake/DIS/NC/10x100/minQ2=1/pythia8NCDIS_10x100_minQ2=1_beamEffects_xAngle=-0.025_hiDiv_2.1273.eicrecon.tree.edm4eic.root,731
s3https://eics3.sdcc.bnl.gov:9000/eictest/EPIC/RECO/23.11.0/epic_craterlake/DIS/NC/10x100/minQ2=1/pythia8NCDIS_10x100_minQ2=1_beamEffects_xAngle=-0.025_hiDiv_1.0803.eicrecon.tree.edm4eic.root,731
s3https://eics3.sdcc.bnl.gov:9000/eictest/EPIC/RECO/23.11.0/epic_craterlake/DIS/NC/10x100/minQ2=1/pythia8NCDIS_10x100_minQ2=1_beamEffects_xAngle=-0.025_hiDiv_3.0319.eicrecon.tree.edm4eic.root,731
s3https://eics3.sdcc.bnl.gov:9000/eictest/EPIC/RECO/23.11.0/epic_craterlake/DIS/NC/10x100/minQ2=1/pythia8NCDIS_10x100_minQ2=1_beamEffects_xAngle=-0.025_hiDiv_4.0496.eicrecon.tree.edm4eic.root,731
s3https://eics3.sdcc.bnl.gov:9000/eictest/EPIC/RECO/23.11.0/epic_craterlake/DIS/NC/10x100/minQ2=1/pythia8NCDIS_10x100_minQ2=1_beamEffects_xAngle=-0.025_hiDiv_2.0580.eicrecon.tree.edm4eic.root,731
s3https://eics3.sdcc.bnl.gov:9000/eictest/EPIC/RECO/23.11.0/epic_craterlake/DIS/NC/10x100/minQ2=1/pythia8NCDIS_10x100_minQ2=1_beamEffects_xAngle=-0.025_hiDiv_3.0449.eicrecon.tree.edm4eic.root,731
s3https://eics3.sdcc.bnl.gov:9000/eictest/EPIC/RECO/23.11.0/epic_craterlake/DIS/NC/10x100/minQ2=1/pythia8NCDIS_10x100_minQ2=1_beamEffects_xAngle=-0.025_hiDiv_2.0106.eicrecon.tree.edm4eic.root,731
s3https://eics3.sdcc.bnl.gov:9000/eictest/EPIC/RECO/23.11.0/epic_craterlake/DIS/NC/10x100/minQ2=1/pythia8NCDIS_10x100_minQ2=1_beamEffects_xAngle=-0.025_hiDiv_4.0010.eicrecon.tree.edm4eic.root,731
s3https://eics3.sdcc.bnl.gov:9000/eictest/EPIC/RECO/23.11.0/epic_craterlake/DIS/NC/10x100/minQ2=1/pythia8NCDIS_10x100_minQ2=1_beamEffects_xAngle=-0.025_hiDiv_3.0073.eicrecon.tree.edm4eic.root,731
s3https://eics3.sdcc.bnl.gov:9000/eictest/EPIC/RECO/23.11.0/epic_craterlake/DIS/NC/10x100/minQ2=1/pythia8NCDIS_10x100_minQ2=1_beamEffects_xAngle=-0.025_hiDiv_5.0165.eicrecon.tree.edm4eic.root,731
s3https://eics3.sdcc.bnl.gov:9000/eictest/EPIC/RECO/23.11.0/epic_craterlake/DIS/NC/10x100/minQ2=1/pythia8NCDIS_10x100_minQ2=1_beamEffects_xAngle=-0.025_hiDiv_1.0299.eicrecon.tree.edm4eic.root,731
s3https://eics3.sdcc.bnl.gov:9000/eictest/EPIC/RECO/23.11.0/epic_craterlake/DIS/NC/10x100/minQ2=1/pythia8NCDIS_10x100_minQ2=1_beamEffects_xAngle=-0.025_hiDiv_1.0225.eicrecon.tree.edm4eic.root,731
s3https://eics3.sdcc.bnl.gov:9000/eictest/EPIC/RECO/23.11.0/epic_craterlake/DIS/NC/10x100/minQ2=1/pythia8NCDIS_10x100_minQ2=1_beamEffects_xAngle=-0.025_hiDiv_1.0575.eicrecon.tree.edm4eic.root,731
s3https://eics3.sdcc.bnl.gov:9000/eictest/EPIC/RECO/23.11.0/epic_craterlake/DIS/NC/10x100/minQ2=1/pythia8NCDIS_10x100_minQ2=1_beamEffects_xAngle=-0.025_hiDiv_5.0689.eicrecon.tree.edm4eic.root,731
s3https://eics3.sdcc.bnl.gov:9000/eictest/EPIC/RECO/23.11.0/epic_craterlake/DIS/NC/10x100/minQ2=1/pythia8NCDIS_10x100_minQ2=1_beamEffects_xAngle=-0.025_hiDiv_5.0635.eicrecon.tree.edm4eic.root,731
s3https://eics3.sdcc.bnl.gov:9000/eictest/EPIC/RECO/23.11.0/epic_craterlake/DIS/NC/10x100/minQ2=1/pythia8NCDIS_10x100_minQ2=1_beamEffects_xAngle=-0.025_hiDiv_3.0723.eicrecon.tree.edm4eic.root,731
s3https://eics3.sdcc.bnl.gov:9000/eictest/EPIC/RECO/23.11.0/epic_craterlake/DIS/NC/10x100/minQ2=1/pythia8NCDIS_10x100_minQ2=1_beamEffects_xAngle=-0.025_hiDiv_4.0740.eicrecon.tree.edm4eic.root,731
s3https://eics3.sdcc.bnl.gov:9000/eictest/EPIC/RECO/23.11.0/epic_craterlake/DIS/NC/10x100/minQ2=1/pythia8NCDIS_10x100_minQ2=1_beamEffects_xAngle=-0.025_hiDiv_2.0656.eicrecon.tree.edm4eic.root,731
s3https://eics3.sdcc.bnl.gov:9000/eictest/EPIC/RECO/23.11.0/epic_craterlake/DIS/NC/10x100/minQ2=1/pythia8NCDIS_10x100_minQ2=1_beamEffects_xAngle=-0.025_hiDiv_5.0829.eicrecon.tree.edm4eic.root,731
s3https://eics3.sdcc.bnl.gov:9000/eictest/EPIC/RECO/23.11.0/epic_craterlake/DIS/NC/10x100/minQ2=1/pythia8NCDIS_10x100_minQ2=1_beamEffects_xAngle=-0.025_hiDiv_3.0983.eicrecon.tree.edm4eic.root,731
s3https://eics3.sdcc.bnl.gov:9000/eictest/EPIC/RECO/23.11.0/epic_craterlake/DIS/NC/10x100/minQ2=1/pythia8NCDIS_10x100_minQ2=1_beamEffects_xAngle=-0.025_hiDiv_5.0895.eicrecon.tree.edm4eic.root,731
s3https://eics3.sdcc.bnl.gov:9000/eictest/EPIC/RECO/23.11.0/epic_craterlake/DIS/NC/10x100/minQ2=1/pythia8NCDIS_10x100_minQ2=1_beamEffects_xAngle=-0.025_hiDiv_2.1119.eicrecon.tree.edm4eic.root,731
s3https://eics3.sdcc.bnl.gov:9000/eictest/EPIC/RECO/23.11.0/epic_craterlake/DIS/NC/10x100/minQ2=1/pythia8NCDIS_10x100_minQ2=1_beamEffects_xAngle=-0.025_hiDiv_1.1286.eicrecon.tree.edm4eic.root,731
s3https://eics3.sdcc.bnl.gov:9000/eictest/EPIC/RECO/23.11.0/epic_craterlake/DIS/NC/10x100/minQ2=1/pythia8NCDIS_10x100_minQ2=1_beamEffects_xAngle=-0.025_hiDiv_4.1238.eicrecon.tree.edm4eic.root,483
s3https://eics3.sdcc.bnl.gov:9000/eictest/EPIC/RECO/23.11.0/epic_craterlake/DIS/NC/10x100/minQ2=1/pythia8NCDIS_10x100_minQ2=1_beamEffects_xAngle=-0.025_hiDiv_4.1284.eicrecon.tree.edm4eic.root,731
s3https://eics3.sdcc.bnl.gov:9000/eictest/EPIC/RECO/23.11.0/epic_craterlake/DIS/NC/10x100/minQ2=1/pythia8NCDIS_10x100_minQ2=1_beamEffects_xAngle=-0.025_hiDiv_5.0402.eicrecon.tree.edm4eic.root,731
s3https://eics3.sdcc.bnl.gov:9000/eictest/EPIC/RECO/23.11.0/epic_craterlake/DIS/NC/10x100/minQ2=1/pythia8NCDIS_10x100_minQ2=1_beamEffects_xAngle=-0.025_hiDiv_3.0514.eicrecon.tree.edm4eic.root,731
s3https://eics3.sdcc.bnl.gov:9000/eictest/EPIC/RECO/23.11.0/epic_craterlake/DIS/NC/10x100/minQ2=1/pythia8NCDIS_10x100_minQ2=1_beamEffects_xAngle=-0.025_hiDiv_4.0577.eicrecon.tree.edm4eic.root,731
s3https://eics3.sdcc.bnl.gov:9000/eictest/EPIC/RECO/23.11.0/epic_craterlake/DIS/NC/10x100/minQ2=1/pythia8NCDIS_10x100_minQ2=1_beamEffects_xAngle=-0.025_hiDiv_2.0461.eicrecon.tree.edm4eic.root,731
s3https://eics3.sdcc.bnl.gov:9000/eictest/EPIC/RECO/23.11.0/epic_craterlake/DIS/NC/10x100/minQ2=1/pythia8NCDIS_10x100_minQ2=1_beamEffects_xAngle=-0.025_hiDiv_1.0742.eicrecon.tree.edm4eic.root,731
s3https://eics3.sdcc.bnl.gov:9000/eictest/EPIC/RECO/23.11.0/epic_craterlake/DIS/NC/10x100/minQ2=1/pythia8NCDIS_10x100_minQ2=1_beamEffects_xAngle=-0.025_hiDiv_1.0012.eicrecon.tree.edm4eic.root,731
s3https://eics3.sdcc.bnl.gov:9000/eictest/EPIC/RECO/23.11.0/epic_craterlake/DIS/NC/10x100/minQ2=1/pythia8NCDIS_10x100_minQ2=1_beamEffects_xAngle=-0.025_hiDiv_2.0331.eicrecon.tree.edm4eic.root,731
s3https://eics3.sdcc.bnl.gov:9000/eictest/EPIC/RECO/23.11.0/epic_craterlake/DIS/NC/10x100/minQ2=1/pythia8NCDIS_10x100_minQ2=1_beamEffects_xAngle=-0.025_hiDiv_4.0227.eicrecon.tree.edm4eic.root,731
s3https://eics3.sdcc.bnl.gov:9000/eictest/EPIC/RECO/23.11.0/epic_craterlake/DIS/NC/10x100/minQ2=1/pythia8NCDIS_10x100_minQ2=1_beamEffects_xAngle=-0.025_hiDiv_3.0244.eicrecon.tree.edm4eic.root,731
s3https://eics3.sdcc.bnl.gov:9000/eictest/EPIC/RECO/23.11.0/epic_craterlake/DIS/NC/10x100/minQ2=1/pythia8NCDIS_10x100_minQ2=1_beamEffects_xAngle=-0.025_hiDiv_5.0352.eicrecon.tree.edm4eic.root,731
s3https://eics3.sdcc.bnl.gov:9000/eictest/EPIC/RECO/23.11.0/epic_craterlake/DIS/NC/10x100/minQ2=1/pythia8NCDIS_10x100_minQ2=1_beamEffects_xAngle=-0.025_hiDiv_4.0649.eicrecon.tree.edm4eic.root,731
s3https://eics3.sdcc.bnl.gov:9000/eictest/EPIC/RECO/23.11.0/epic_craterlake/DIS/NC/10x100/minQ2=1/pythia8NCDIS_10x100_minQ2=1_beamEffects_xAngle=-0.025_hiDiv_5.0780.eicrecon.tree.edm4eic.root,731
s3https://eics3.sdcc.bnl.gov:9000/eictest/EPIC/RECO/23.11.0/epic_craterlake/DIS/NC/10x100/minQ2=1/pythia8NCDIS_10x100_minQ2=1_beamEffects_xAngle=-0.025_hiDiv_3.0696.eicrecon.tree.edm4eic.root,731
s3https://eics3.sdcc.bnl.gov:9000/eictest/EPIC/RECO/23.11.0/epic_craterlake/DIS/NC/10x100/minQ2=1/pythia8NCDIS_10x100_minQ2=1_beamEffects_xAngle=-0.025_hiDiv_1.0390.eicrecon.tree.edm4eic.root,731
s3https://eics3.sdcc.bnl.gov:9000/eictest/EPIC/RECO/23.11.0/epic_craterlake/DIS/NC/10x100/minQ2=1/pythia8NCDIS_10x100_minQ2=1_beamEffects_xAngle=-0.025_hiDiv_4.0119.eicrecon.tree.edm4eic.root,731
s3https://eics3.sdcc.bnl.gov:9000/eictest/EPIC/RECO/23.11.0/epic_craterlake/DIS/NC/10x100/minQ2=1/pythia8NCDIS_10x100_minQ2=1_beamEffects_xAngle=-0.025_hiDiv_2.1010.eicrecon.tree.edm4eic.root,731
s3https://eics3.sdcc.bnl.gov:9000/eictest/EPIC/RECO/23.11.0/epic_craterlake/DIS/NC/10x100/minQ2=1/pythia8NCDIS_10x100_minQ2=1_beamEffects_xAngle=-0.025_hiDiv_4.1106.eicrecon.tree.edm4eic.root,731
s3https://eics3.sdcc.bnl.gov:9000/eictest/EPIC/RECO/23.11.0/epic_craterlake/DIS/NC/10x100/minQ2=1/pythia8NCDIS_10x100_minQ2=1_beamEffects_xAngle=-0.025_hiDiv_3.1165.eicrecon.tree.edm4eic.root,731
s3https://eics3.sdcc.bnl.gov:9000/eictest/EPIC/RECO/23.11.0/epic_craterlake/DIS/NC/10x100/minQ2=1/pythia8NCDIS_10x100_minQ2=1_beamEffects_xAngle=-0.025_hiDiv_5.1073.eicrecon.tree.edm4eic.root,731
s3https://eics3.sdcc.bnl.gov:9000/eictest/EPIC/RECO/23.11.0/epic_craterlake/DIS/NC/10x100/minQ2=1/pythia8NCDIS_10x100_minQ2=1_beamEffects_xAngle=-0.025_hiDiv_1.1333.eicrecon.tree.edm4eic.root,731
s3https://eics3.sdcc.bnl.gov:9000/eictest/EPIC/RECO/23.11.0/epic_craterlake/DIS/NC/10x100/minQ2=1/pythia8NCDIS_10x100_minQ2=1_beamEffects_xAngle=-0.025_hiDiv_2.0943.eicrecon.tree.edm4eic.root,731
s3https://eics3.sdcc.bnl.gov:9000/eictest/EPIC/RECO/23.11.0/epic_craterlake/DIS/NC/10x100/minQ2=1/pythia8NCDIS_10x100_minQ2=1_beamEffects_xAngle=-0.025_hiDiv_4.0855.eicrecon.tree.edm4eic.root,236
s3https://eics3.sdcc.bnl.gov:9000/eictest/EPIC/RECO/23.11.0/epic_craterlake/DIS/NC/10x100/minQ2=1/pythia8NCDIS_10x100_minQ2=1_beamEffects_xAngle=-0.025_hiDiv_3.0836.eicrecon.tree.edm4eic.root,731
s3https://eics3.sdcc.bnl.gov:9000/eictest/EPIC/RECO/23.11.0/epic_craterlake/DIS/NC/10x100/minQ2=1/pythia8NCDIS_10x100_minQ2=1_beamEffects_xAngle=-0.025_hiDiv_5.0920.eicrecon.tree.edm4eic.root,731
s3https://eics3.sdcc.bnl.gov:9000/eictest/EPIC/RECO/23.11.0/epic_craterlake/DIS/NC/10x100/minQ2=1/pythia8NCDIS_10x100_minQ2=1_beamEffects_xAngle=-0.025_hiDiv_1.1104.eicrecon.tree.edm4eic.root,731
s3https://eics3.sdcc.bnl.gov:9000/eictest/EPIC/RECO/23.11.0/epic_craterlake/DIS/NC/10x100/minQ2=1/pythia8NCDIS_10x100_minQ2=1_beamEffects_xAngle=-0.025_hiDiv_2.1227.eicrecon.tree.edm4eic.root,731
s3https://eics3.sdcc.bnl.gov:9000/eictest/EPIC/RECO/23.11.0/epic_craterlake/DIS/NC/10x100/minQ2=1/pythia8NCDIS_10x100_minQ2=1_beamEffects_xAngle=-0.025_hiDiv_4.1331.eicrecon.tree.edm4eic.root,731
s3https://eics3.sdcc.bnl.gov:9000/eictest/EPIC/RECO/23.11.0/epic_craterlake/DIS/NC/10x100/minQ2=1/pythia8NCDIS_10x100_minQ2=1_beamEffects_xAngle=-0.025_hiDiv_3.1352.eicrecon.tree.edm4eic.root,731
s3https://eics3.sdcc.bnl.gov:9000/eictest/EPIC/RECO/23.11.0/epic_craterlake/DIS/NC/10x100/minQ2=1/pythia8NCDIS_10x100_minQ2=1_beamEffects_xAngle=-0.025_hiDiv_5.1244.eicrecon.tree.edm4eic.root,731
s3https://eics3.sdcc.bnl.gov:9000/eictest/EPIC/RECO/23.11.0/epic_craterlake/DIS/NC/10x100/minQ2=1/pythia8NCDIS_10x100_minQ2=1_beamEffects_xAngle=-0.025_hiDiv_1.0857.eicrecon.tree.edm4eic.root,731
s3https://eics3.sdcc.bnl.gov:9000/eictest/EPIC/RECO/23.11.0/epic_craterlake/DIS/NC/10x100/minQ2=1/pythia8NCDIS_10x100_minQ2=1_beamEffects_xAngle=-0.025_hiDiv_2.0238.eicrecon.tree.edm4eic.root,731
s3https://eics3.sdcc.bnl.gov:9000/eictest/EPIC/RECO/23.11.0/epic_craterlake/DIS/NC/10x100/minQ2=1/pythia8NCDIS_10x100_minQ2=1_beamEffects_xAngle=-0.025_hiDiv_2.0284.eicrecon.tree.edm4eic.root,731
s3https://eics3.sdcc.bnl.gov:9000/eictest/EPIC/RECO/23.11.0/epic_craterlake/DIS/NC/10x100/minQ2=1/pythia8NCDIS_10x100_minQ2=1_beamEffects_xAngle=-0.025_hiDiv_4.0392.eicrecon.tree.edm4eic.root,731
s3https://eics3.sdcc.bnl.gov:9000/eictest/EPIC/RECO/23.11.0/epic_craterlake/DIS/NC/10x100/minQ2=1/pythia8NCDIS_10x100_minQ2=1_beamEffects_xAngle=-0.025_hiDiv_2.0568.eicrecon.tree.edm4eic.root,731
s3https://eics3.sdcc.bnl.gov:9000/eictest/EPIC/RECO/23.11.0/epic_craterlake/DIS/NC/10x100/minQ2=1/pythia8NCDIS_10x100_minQ2=1_beamEffects_xAngle=-0.025_hiDiv_5.0748.eicrecon.tree.edm4eic.root,731
s3https://eics3.sdcc.bnl.gov:9000/eictest/EPIC/RECO/23.11.0/epic_craterlake/DIS/NC/10x100/minQ2=1/pythia8NCDIS_10x100_minQ2=1_beamEffects_xAngle=-0.025_hiDiv_1.0408.eicrecon.tree.edm4eic.root,731
s3https://eics3.sdcc.bnl.gov:9000/eictest/EPIC/RECO/23.11.0/epic_craterlake/DIS/NC/10x100/minQ2=1/pythia8NCDIS_10x100_minQ2=1_beamEffects_xAngle=-0.025_hiDiv_4.0681.eicrecon.tree.edm4eic.root,731
s3https://eics3.sdcc.bnl.gov:9000/eictest/EPIC/RECO/23.11.0/epic_craterlake/DIS/NC/10x100/minQ2=1/pythia8NCDIS_10x100_minQ2=1_beamEffects_xAngle=-0.025_hiDiv_2.0797.eicrecon.tree.edm4eic.root,731
s3https://eics3.sdcc.bnl.gov:9000/eictest/EPIC/RECO/23.11.0/epic_craterlake/DIS/NC/10x100/minQ2=1/pythia8NCDIS_10x100_minQ2=1_beamEffects_xAngle=-0.025_hiDiv_1.0358.eicrecon.tree.edm4eic.root,731
s3https://eics3.sdcc.bnl.gov:9000/eictest/EPIC/RECO/23.11.0/epic_craterlake/DIS/NC/10x100/minQ2=1/pythia8NCDIS_10x100_minQ2=1_beamEffects_xAngle=-0.025_hiDiv_5.0018.eicrecon.tree.edm4eic.root,731
s3https://eics3.sdcc.bnl.gov:9000/eictest/EPIC/RECO/23.11.0/epic_craterlake/DIS/NC/10x100/minQ2=1/pythia8NCDIS_10x100_minQ2=1_beamEffects_xAngle=-0.025_hiDiv_3.1111.eicrecon.tree.edm4eic.root,731
s3https://eics3.sdcc.bnl.gov:9000/eictest/EPIC/RECO/23.11.0/epic_craterlake/DIS/NC/10x100/minQ2=1/pythia8NCDIS_10x100_minQ2=1_beamEffects_xAngle=-0.025_hiDiv_5.1007.eicrecon.tree.edm4eic.root,731
s3https://eics3.sdcc.bnl.gov:9000/eictest/EPIC/RECO/23.11.0/epic_craterlake/DIS/NC/10x100/minQ2=1/pythia8NCDIS_10x100_minQ2=1_beamEffects_xAngle=-0.025_hiDiv_2.1064.eicrecon.tree.edm4eic.root,731
s3https://eics3.sdcc.bnl.gov:9000/eictest/EPIC/RECO/23.11.0/epic_craterlake/DIS/NC/10x100/minQ2=1/pythia8NCDIS_10x100_minQ2=1_beamEffects_xAngle=-0.025_hiDiv_4.1172.eicrecon.tree.edm4eic.root,731
s3https://eics3.sdcc.bnl.gov:9000/eictest/EPIC/RECO/23.11.0/epic_craterlake/DIS/NC/10x100/minQ2=1/pythia8NCDIS_10x100_minQ2=1_beamEffects_xAngle=-0.025_hiDiv_3.0842.eicrecon.tree.edm4eic.root,731
s3https://eics3.sdcc.bnl.gov:9000/eictest/EPIC/RECO/23.11.0/epic_craterlake/DIS/NC/10x100/minQ2=1/pythia8NCDIS_10x100_minQ2=1_beamEffects_xAngle=-0.025_hiDiv_5.0954.eicrecon.tree.edm4eic.root,731
s3https://eics3.sdcc.bnl.gov:9000/eictest/EPIC/RECO/23.11.0/epic_craterlake/DIS/NC/10x100/minQ2=1/pythia8NCDIS_10x100_minQ2=1_beamEffects_xAngle=-0.025_hiDiv_2.0937.eicrecon.tree.edm4eic.root,731
s3https://eics3.sdcc.bnl.gov:9000/eictest/EPIC/RECO/23.11.0/epic_craterlake/DIS/NC/10x100/minQ2=1/pythia8NCDIS_10x100_minQ2=1_beamEffects_xAngle=-0.025_hiDiv_4.0821.eicrecon.tree.edm4eic.root,731
s3https://eics3.sdcc.bnl.gov:9000/eictest/EPIC/RECO/23.11.0/epic_craterlake/DIS/NC/10x100/minQ2=1/pythia8NCDIS_10x100_minQ2=1_beamEffects_xAngle=-0.025_hiDiv_1.1347.eicrecon.tree.edm4eic.root,731
s3https://eics3.sdcc.bnl.gov:9000/eictest/EPIC/RECO/23.11.0/epic_craterlake/DIS/NC/10x100/minQ2=1/pythia8NCDIS_10x100_minQ2=1_beamEffects_xAngle=-0.025_hiDiv_1.1170.eicrecon.tree.edm4eic.root,731
s3https://eics3.sdcc.bnl.gov:9000/eictest/EPIC/RECO/23.11.0/epic_craterlake/DIS/NC/10x100/minQ2=1/pythia8NCDIS_10x100_minQ2=1_beamEffects_xAngle=-0.025_hiDiv_1.0823.eicrecon.tree.edm4eic.root,731
s3https://eics3.sdcc.bnl.gov:9000/eictest/EPIC/RECO/23.11.0/epic_craterlake/DIS/NC/10x100/minQ2=1/pythia8NCDIS_10x100_minQ2=1_beamEffects_xAngle=-0.025_hiDiv_3.1326.eicrecon.tree.edm4eic.root,731
s3https://eics3.sdcc.bnl.gov:9000/eictest/EPIC/RECO/23.11.0/epic_craterlake/DIS/NC/10x100/minQ2=1/pythia8NCDIS_10x100_minQ2=1_beamEffects_xAngle=-0.025_hiDiv_5.1230.eicrecon.tree.edm4eic.root,731
s3https://eics3.sdcc.bnl.gov:9000/eictest/EPIC/RECO/23.11.0/epic_craterlake/DIS/NC/10x100/minQ2=1/pythia8NCDIS_10x100_minQ2=1_beamEffects_xAngle=-0.025_hiDiv_2.1253.eicrecon.tree.edm4eic.root,731
s3https://eics3.sdcc.bnl.gov:9000/eictest/EPIC/RECO/23.11.0/epic_craterlake/DIS/NC/10x100/minQ2=1/pythia8NCDIS_10x100_minQ2=1_beamEffects_xAngle=-0.025_hiDiv_4.1345.eicrecon.tree.edm4eic.root,731
s3https://eics3.sdcc.bnl.gov:9000/eictest/EPIC/RECO/23.11.0/epic_craterlake/DIS/NC/10x100/minQ2=1/pythia8NCDIS_10x100_minQ2=1_beamEffects_xAngle=-0.025_hiDiv_3.0339.eicrecon.tree.edm4eic.root,731
s3https://eics3.sdcc.bnl.gov:9000/eictest/EPIC/RECO/23.11.0/epic_craterlake/DIS/NC/10x100/minQ2=1/pythia8NCDIS_10x100_minQ2=1_beamEffects_xAngle=-0.025_hiDiv_3.0385.eicrecon.tree.edm4eic.root,731
s3https://eics3.sdcc.bnl.gov:9000/eictest/EPIC/RECO/23.11.0/epic_craterlake/DIS/NC/10x100/minQ2=1/pythia8NCDIS_10x100_minQ2=1_beamEffects_xAngle=-0.025_hiDiv_5.0293.eicrecon.tree.edm4eic.root,731
s3https://eics3.sdcc.bnl.gov:9000/eictest/EPIC/RECO/23.11.0/epic_craterlake/DIS/NC/10x100/minQ2=1/pythia8NCDIS_10x100_minQ2=1_beamEffects_xAngle=-0.025_hiDiv_1.0683.eicrecon.tree.edm4eic.root,731
s3https://eics3.sdcc.bnl.gov:9000/eictest/EPIC/RECO/23.11.0/epic_craterlake/DIS/NC/10x100/minQ2=1/pythia8NCDIS_10x100_minQ2=1_beamEffects_xAngle=-0.025_hiDiv_3.0469.eicrecon.tree.edm4eic.root,731
s3https://eics3.sdcc.bnl.gov:9000/eictest/EPIC/RECO/23.11.0/epic_craterlake/DIS/NC/10x100/minQ2=1/pythia8NCDIS_10x100_minQ2=1_beamEffects_xAngle=-0.025_hiDiv_3.0007.eicrecon.tree.edm4eic.root,731
s3https://eics3.sdcc.bnl.gov:9000/eictest/EPIC/RECO/23.11.0/epic_craterlake/DIS/NC/10x100/minQ2=1/pythia8NCDIS_10x100_minQ2=1_beamEffects_xAngle=-0.025_hiDiv_5.0111.eicrecon.tree.edm4eic.root,731
s3https://eics3.sdcc.bnl.gov:9000/eictest/EPIC/RECO/23.11.0/epic_craterlake/DIS/NC/10x100/minQ2=1/pythia8NCDIS_10x100_minQ2=1_beamEffects_xAngle=-0.025_hiDiv_2.0172.eicrecon.tree.edm4eic.root,731
s3https://eics3.sdcc.bnl.gov:9000/eictest/EPIC/RECO/23.11.0/epic_craterlake/DIS/NC/10x100/minQ2=1/pythia8NCDIS_10x100_minQ2=1_beamEffects_xAngle=-0.025_hiDiv_4.0064.eicrecon.tree.edm4eic.root,731
s3https://eics3.sdcc.bnl.gov:9000/eictest/EPIC/RECO/23.11.0/epic_craterlake/DIS/NC/10x100/minQ2=1/pythia8NCDIS_10x100_minQ2=1_beamEffects_xAngle=-0.025_hiDiv_1.0251.eicrecon.tree.edm4eic.root,731
s3https://eics3.sdcc.bnl.gov:9000/eictest/EPIC/RECO/23.11.0/epic_craterlake/DIS/NC/10x100/minQ2=1/pythia8NCDIS_10x100_minQ2=1_beamEffects_xAngle=-0.025_hiDiv_4.0788.eicrecon.tree.edm4eic.root,731
s3https://eics3.sdcc.bnl.gov:9000/eictest/EPIC/RECO/23.11.0/epic_craterlake/DIS/NC/10x100/minQ2=1/pythia8NCDIS_10x100_minQ2=1_beamEffects_xAngle=-0.025_hiDiv_1.0501.eicrecon.tree.edm4eic.root,731
s3https://eics3.sdcc.bnl.gov:9000/eictest/EPIC/RECO/23.11.0/epic_craterlake/DIS/NC/10x100/minQ2=1/pythia8NCDIS_10x100_minQ2=1_beamEffects_xAngle=-0.025_hiDiv_4.0734.eicrecon.tree.edm4eic.root,731
s3https://eics3.sdcc.bnl.gov:9000/eictest/EPIC/RECO/23.11.0/epic_craterlake/DIS/NC/10x100/minQ2=1/pythia8NCDIS_10x100_minQ2=1_beamEffects_xAngle=-0.025_hiDiv_2.0622.eicrecon.tree.edm4eic.root,731
s3https://eics3.sdcc.bnl.gov:9000/eictest/EPIC/RECO/23.11.0/epic_craterlake/DIS/NC/10x100/minQ2=1/pythia8NCDIS_10x100_minQ2=1_beamEffects_xAngle=-0.025_hiDiv_5.0641.eicrecon.tree.edm4eic.root,731
s3https://eics3.sdcc.bnl.gov:9000/eictest/EPIC/RECO/23.11.0/epic_craterlake/DIS/NC/10x100/minQ2=1/pythia8NCDIS_10x100_minQ2=1_beamEffects_xAngle=-0.025_hiDiv_3.0757.eicrecon.tree.edm4eic.root,731
s3https://eics3.sdcc.bnl.gov:9000/eictest/EPIC/RECO/23.11.0/epic_craterlake/DIS/NC/10x100/minQ2=1/pythia8NCDIS_10x100_minQ2=1_beamEffects_xAngle=-0.025_hiDiv_4.0928.eicrecon.tree.edm4eic.root,731
s3https://eics3.sdcc.bnl.gov:9000/eictest/EPIC/RECO/23.11.0/epic_craterlake/DIS/NC/10x100/minQ2=1/pythia8NCDIS_10x100_minQ2=1_beamEffects_xAngle=-0.025_hiDiv_3.1018.eicrecon.tree.edm4eic.root,731
s3https://eics3.sdcc.bnl.gov:9000/eictest/EPIC/RECO/23.11.0/epic_craterlake/DIS/NC/10x100/minQ2=1/pythia8NCDIS_10x100_minQ2=1_beamEffects_xAngle=-0.025_hiDiv_2.0882.eicrecon.tree.edm4eic.root,731
s3https://eics3.sdcc.bnl.gov:9000/eictest/EPIC/RECO/23.11.0/epic_craterlake/DIS/NC/10x100/minQ2=1/pythia8NCDIS_10x100_minQ2=1_beamEffects_xAngle=-0.025_hiDiv_4.0994.eicrecon.tree.edm4eic.root,731
s3https://eics3.sdcc.bnl.gov:9000/eictest/EPIC/RECO/23.11.0/epic_craterlake/DIS/NC/10x100/minQ2=1/pythia8NCDIS_10x100_minQ2=1_beamEffects_xAngle=-0.025_hiDiv_5.1339.eicrecon.tree.edm4eic.root,731
s3https://eics3.sdcc.bnl.gov:9000/eictest/EPIC/RECO/23.11.0/epic_craterlake/DIS/NC/10x100/minQ2=1/pythia8NCDIS_10x100_minQ2=1_beamEffects_xAngle=-0.025_hiDiv_1.1079.eicrecon.tree.edm4eic.root,731
s3https://eics3.sdcc.bnl.gov:9000/eictest/EPIC/RECO/23.11.0/epic_craterlake/DIS/NC/10x100/minQ2=1/pythia8NCDIS_10x100_minQ2=1_beamEffects_xAngle=-0.025_hiDiv_3.1293.eicrecon.tree.edm4eic.root,731
s3https://eics3.sdcc.bnl.gov:9000/eictest/EPIC/RECO/23.11.0/epic_craterlake/DIS/NC/10x100/minQ2=1/pythia8NCDIS_10x100_minQ2=1_beamEffects_xAngle=-0.025_hiDiv_1.0996.eicrecon.tree.edm4eic.root,731
s3https://eics3.sdcc.bnl.gov:9000/eictest/EPIC/RECO/23.11.0/epic_craterlake/DIS/NC/10x100/minQ2=1/pythia8NCDIS_10x100_minQ2=1_beamEffects_xAngle=-0.025_hiDiv_4.0503.eicrecon.tree.edm4eic.root,731
s3https://eics3.sdcc.bnl.gov:9000/eictest/EPIC/RECO/23.11.0/epic_craterlake/DIS/NC/10x100/minQ2=1/pythia8NCDIS_10x100_minQ2=1_beamEffects_xAngle=-0.025_hiDiv_2.0415.eicrecon.tree.edm4eic.root,731
s3https://eics3.sdcc.bnl.gov:9000/eictest/EPIC/RECO/23.11.0/epic_craterlake/DIS/NC/10x100/minQ2=1/pythia8NCDIS_10x100_minQ2=1_beamEffects_xAngle=-0.025_hiDiv_5.0476.eicrecon.tree.edm4eic.root,731
s3https://eics3.sdcc.bnl.gov:9000/eictest/EPIC/RECO/23.11.0/epic_craterlake/DIS/NC/10x100/minQ2=1/pythia8NCDIS_10x100_minQ2=1_beamEffects_xAngle=-0.025_hiDiv_3.0560.eicrecon.tree.edm4eic.root,731
s3https://eics3.sdcc.bnl.gov:9000/eictest/EPIC/RECO/23.11.0/epic_craterlake/DIS/NC/10x100/minQ2=1/pythia8NCDIS_10x100_minQ2=1_beamEffects_xAngle=-0.025_hiDiv_1.0736.eicrecon.tree.edm4eic.root,731
s3https://eics3.sdcc.bnl.gov:9000/eictest/EPIC/RECO/23.11.0/epic_craterlake/DIS/NC/10x100/minQ2=1/pythia8NCDIS_10x100_minQ2=1_beamEffects_xAngle=-0.025_hiDiv_1.0066.eicrecon.tree.edm4eic.root,731
s3https://eics3.sdcc.bnl.gov:9000/eictest/EPIC/RECO/23.11.0/epic_craterlake/DIS/NC/10x100/minQ2=1/pythia8NCDIS_10x100_minQ2=1_beamEffects_xAngle=-0.025_hiDiv_3.0230.eicrecon.tree.edm4eic.root,731
s3https://eics3.sdcc.bnl.gov:9000/eictest/EPIC/RECO/23.11.0/epic_craterlake/DIS/NC/10x100/minQ2=1/pythia8NCDIS_10x100_minQ2=1_beamEffects_xAngle=-0.025_hiDiv_5.0326.eicrecon.tree.edm4eic.root,731
s3https://eics3.sdcc.bnl.gov:9000/eictest/EPIC/RECO/23.11.0/epic_craterlake/DIS/NC/10x100/minQ2=1/pythia8NCDIS_10x100_minQ2=1_beamEffects_xAngle=-0.025_hiDiv_2.0345.eicrecon.tree.edm4eic.root,731
s3https://eics3.sdcc.bnl.gov:9000/eictest/EPIC/RECO/23.11.0/epic_craterlake/DIS/NC/10x100/minQ2=1/pythia8NCDIS_10x100_minQ2=1_beamEffects_xAngle=-0.025_hiDiv_4.0253.eicrecon.tree.edm4eic.root,731
s3https://eics3.sdcc.bnl.gov:9000/eictest/EPIC/RECO/23.11.0/epic_craterlake/DIS/NC/10x100/minQ2=1/pythia8NCDIS_10x100_minQ2=1_beamEffects_xAngle=-0.025_hiDiv_5.0064.eicrecon.tree.edm4eic.root,731
s3https://eics3.sdcc.bnl.gov:9000/eictest/EPIC/RECO/23.11.0/epic_craterlake/DIS/NC/10x100/minQ2=1/pythia8NCDIS_10x100_minQ2=1_beamEffects_xAngle=-0.025_hiDiv_3.0172.eicrecon.tree.edm4eic.root,0
s3https://eics3.sdcc.bnl.gov:9000/eictest/EPIC/RECO/23.11.0/epic_craterlake/DIS/NC/10x100/minQ2=1/pythia8NCDIS_10x100_minQ2=1_beamEffects_xAngle=-0.025_hiDiv_4.0111.eicrecon.tree.edm4eic.root,731
s3https://eics3.sdcc.bnl.gov:9000/eictest/EPIC/RECO/23.11.0/epic_craterlake/DIS/NC/10x100/minQ2=1/pythia8NCDIS_10x100_minQ2=1_beamEffects_xAngle=-0.025_hiDiv_2.0007.eicrecon.tree.edm4eic.root,731
s3https://eics3.sdcc.bnl.gov:9000/eictest/EPIC/RECO/23.11.0/epic_craterlake/DIS/NC/10x100/minQ2=1/pythia8NCDIS_10x100_minQ2=1_beamEffects_xAngle=-0.025_hiDiv_1.0398.eicrecon.tree.edm4eic.root,731
s3https://eics3.sdcc.bnl.gov:9000/eictest/EPIC/RECO/23.11.0/epic_craterlake/DIS/NC/10x100/minQ2=1/pythia8NCDIS_10x100_minQ2=1_beamEffects_xAngle=-0.025_hiDiv_1.0324.eicrecon.tree.edm4eic.root,731
s3https://eics3.sdcc.bnl.gov:9000/eictest/EPIC/RECO/23.11.0/epic_craterlake/DIS/NC/10x100/minQ2=1/pythia8NCDIS_10x100_minQ2=1_beamEffects_xAngle=-0.025_hiDiv_1.0474.eicrecon.tree.edm4eic.root,731
s3https://eics3.sdcc.bnl.gov:9000/eictest/EPIC/RECO/23.11.0/epic_craterlake/DIS/NC/10x100/minQ2=1/pythia8NCDIS_10x100_minQ2=1_beamEffects_xAngle=-0.025_hiDiv_5.0788.eicrecon.tree.edm4eic.root,731
s3https://eics3.sdcc.bnl.gov:9000/eictest/EPIC/RECO/23.11.0/epic_craterlake/DIS/NC/10x100/minQ2=1/pythia8NCDIS_10x100_minQ2=1_beamEffects_xAngle=-0.025_hiDiv_2.0757.eicrecon.tree.edm4eic.root,731
s3https://eics3.sdcc.bnl.gov:9000/eictest/EPIC/RECO/23.11.0/epic_craterlake/DIS/NC/10x100/minQ2=1/pythia8NCDIS_10x100_minQ2=1_beamEffects_xAngle=-0.025_hiDiv_4.0641.eicrecon.tree.edm4eic.root,731
s3https://eics3.sdcc.bnl.gov:9000/eictest/EPIC/RECO/23.11.0/epic_craterlake/DIS/NC/10x100/minQ2=1/pythia8NCDIS_10x100_minQ2=1_beamEffects_xAngle=-0.025_hiDiv_3.0622.eicrecon.tree.edm4eic.root,731
s3https://eics3.sdcc.bnl.gov:9000/eictest/EPIC/RECO/23.11.0/epic_craterlake/DIS/NC/10x100/minQ2=1/pythia8NCDIS_10x100_minQ2=1_beamEffects_xAngle=-0.025_hiDiv_5.0734.eicrecon.tree.edm4eic.root,731
s3https://eics3.sdcc.bnl.gov:9000/eictest/EPIC/RECO/23.11.0/epic_craterlake/DIS/NC/10x100/minQ2=1/pythia8NCDIS_10x100_minQ2=1_beamEffects_xAngle=-0.025_hiDiv_5.0928.eicrecon.tree.edm4eic.root,731
s3https://eics3.sdcc.bnl.gov:9000/eictest/EPIC/RECO/23.11.0/epic_craterlake/DIS/NC/10x100/minQ2=1/pythia8NCDIS_10x100_minQ2=1_beamEffects_xAngle=-0.025_hiDiv_2.1018.eicrecon.tree.edm4eic.root,731
s3https://eics3.sdcc.bnl.gov:9000/eictest/EPIC/RECO/23.11.0/epic_craterlake/DIS/NC/10x100/minQ2=1/pythia8NCDIS_10x100_minQ2=1_beamEffects_xAngle=-0.025_hiDiv_5.0994.eicrecon.tree.edm4eic.root,731
s3https://eics3.sdcc.bnl.gov:9000/eictest/EPIC/RECO/23.11.0/epic_craterlake/DIS/NC/10x100/minQ2=1/pythia8NCDIS_10x100_minQ2=1_beamEffects_xAngle=-0.025_hiDiv_3.0882.eicrecon.tree.edm4eic.root,731
s3https://eics3.sdcc.bnl.gov:9000/eictest/EPIC/RECO/23.11.0/epic_craterlake/DIS/NC/10x100/minQ2=1/pythia8NCDIS_10x100_minQ2=1_beamEffects_xAngle=-0.025_hiDiv_4.1339.eicrecon.tree.edm4eic.root,731
s3https://eics3.sdcc.bnl.gov:9000/eictest/EPIC/RECO/23.11.0/epic_craterlake/DIS/NC/10x100/minQ2=1/pythia8NCDIS_10x100_minQ2=1_beamEffects_xAngle=-0.025_hiDiv_2.1293.eicrecon.tree.edm4eic.root,731
s3https://eics3.sdcc.bnl.gov:9000/eictest/EPIC/RECO/23.11.0/epic_craterlake/DIS/NC/10x100/minQ2=1/pythia8NCDIS_10x100_minQ2=1_beamEffects_xAngle=-0.025_hiDiv_2.0560.eicrecon.tree.edm4eic.root,731
s3https://eics3.sdcc.bnl.gov:9000/eictest/EPIC/RECO/23.11.0/epic_craterlake/DIS/NC/10x100/minQ2=1/pythia8NCDIS_10x100_minQ2=1_beamEffects_xAngle=-0.025_hiDiv_4.0476.eicrecon.tree.edm4eic.root,731
s3https://eics3.sdcc.bnl.gov:9000/eictest/EPIC/RECO/23.11.0/epic_craterlake/DIS/NC/10x100/minQ2=1/pythia8NCDIS_10x100_minQ2=1_beamEffects_xAngle=-0.025_hiDiv_3.0415.eicrecon.tree.edm4eic.root,731
s3https://eics3.sdcc.bnl.gov:9000/eictest/EPIC/RECO/23.11.0/epic_craterlake/DIS/NC/10x100/minQ2=1/pythia8NCDIS_10x100_minQ2=1_beamEffects_xAngle=-0.025_hiDiv_5.0503.eicrecon.tree.edm4eic.root,731
s3https://eics3.sdcc.bnl.gov:9000/eictest/EPIC/RECO/23.11.0/epic_craterlake/DIS/NC/10x100/minQ2=1/pythia8NCDIS_10x100_minQ2=1_beamEffects_xAngle=-0.025_hiDiv_1.0643.eicrecon.tree.edm4eic.root,731
s3https://eics3.sdcc.bnl.gov:9000/eictest/EPIC/RECO/23.11.0/epic_craterlake/DIS/NC/10x100/minQ2=1/pythia8NCDIS_10x100_minQ2=1_beamEffects_xAngle=-0.025_hiDiv_1.0113.eicrecon.tree.edm4eic.root,731
s3https://eics3.sdcc.bnl.gov:9000/eictest/EPIC/RECO/23.11.0/epic_craterlake/DIS/NC/10x100/minQ2=1/pythia8NCDIS_10x100_minQ2=1_beamEffects_xAngle=-0.025_hiDiv_5.0253.eicrecon.tree.edm4eic.root,731
s3https://eics3.sdcc.bnl.gov:9000/eictest/EPIC/RECO/23.11.0/epic_craterlake/DIS/NC/10x100/minQ2=1/pythia8NCDIS_10x100_minQ2=1_beamEffects_xAngle=-0.025_hiDiv_3.0345.eicrecon.tree.edm4eic.root,731
s3https://eics3.sdcc.bnl.gov:9000/eictest/EPIC/RECO/23.11.0/epic_craterlake/DIS/NC/10x100/minQ2=1/pythia8NCDIS_10x100_minQ2=1_beamEffects_xAngle=-0.025_hiDiv_4.0326.eicrecon.tree.edm4eic.root,731
s3https://eics3.sdcc.bnl.gov:9000/eictest/EPIC/RECO/23.11.0/epic_craterlake/DIS/NC/10x100/minQ2=1/pythia8NCDIS_10x100_minQ2=1_beamEffects_xAngle=-0.025_hiDiv_2.0230.eicrecon.tree.edm4eic.root,731
s3https://eics3.sdcc.bnl.gov:9000/eictest/EPIC/RECO/23.11.0/epic_craterlake/DIS/NC/10x100/minQ2=1/pythia8NCDIS_10x100_minQ2=1_beamEffects_xAngle=-0.025_hiDiv_4.0748.eicrecon.tree.edm4eic.root,731
s3https://eics3.sdcc.bnl.gov:9000/eictest/EPIC/RECO/23.11.0/epic_craterlake/DIS/NC/10x100/minQ2=1/pythia8NCDIS_10x100_minQ2=1_beamEffects_xAngle=-0.025_hiDiv_3.0797.eicrecon.tree.edm4eic.root,731
s3https://eics3.sdcc.bnl.gov:9000/eictest/EPIC/RECO/23.11.0/epic_craterlake/DIS/NC/10x100/minQ2=1/pythia8NCDIS_10x100_minQ2=1_beamEffects_xAngle=-0.025_hiDiv_5.0681.eicrecon.tree.edm4eic.root,731
s3https://eics3.sdcc.bnl.gov:9000/eictest/EPIC/RECO/23.11.0/epic_craterlake/DIS/NC/10x100/minQ2=1/pythia8NCDIS_10x100_minQ2=1_beamEffects_xAngle=-0.025_hiDiv_1.0291.eicrecon.tree.edm4eic.root,731
s3https://eics3.sdcc.bnl.gov:9000/eictest/EPIC/RECO/23.11.0/epic_craterlake/DIS/NC/10x100/minQ2=1/pythia8NCDIS_10x100_minQ2=1_beamEffects_xAngle=-0.025_hiDiv_4.0018.eicrecon.tree.edm4eic.root,731
s3https://eics3.sdcc.bnl.gov:9000/eictest/EPIC/RECO/23.11.0/epic_craterlake/DIS/NC/10x100/minQ2=1/pythia8NCDIS_10x100_minQ2=1_beamEffects_xAngle=-0.025_hiDiv_5.1172.eicrecon.tree.edm4eic.root,731
s3https://eics3.sdcc.bnl.gov:9000/eictest/EPIC/RECO/23.11.0/epic_craterlake/DIS/NC/10x100/minQ2=1/pythia8NCDIS_10x100_minQ2=1_beamEffects_xAngle=-0.025_hiDiv_3.1064.eicrecon.tree.edm4eic.root,731
s3https://eics3.sdcc.bnl.gov:9000/eictest/EPIC/RECO/23.11.0/epic_craterlake/DIS/NC/10x100/minQ2=1/pythia8NCDIS_10x100_minQ2=1_beamEffects_xAngle=-0.025_hiDiv_4.1007.eicrecon.tree.edm4eic.root,584
s3https://eics3.sdcc.bnl.gov:9000/eictest/EPIC/RECO/23.11.0/epic_craterlake/DIS/NC/10x100/minQ2=1/pythia8NCDIS_10x100_minQ2=1_beamEffects_xAngle=-0.025_hiDiv_2.1111.eicrecon.tree.edm4eic.root,731
s3https://eics3.sdcc.bnl.gov:9000/eictest/EPIC/RECO/23.11.0/epic_craterlake/DIS/NC/10x100/minQ2=1/pythia8NCDIS_10x100_minQ2=1_beamEffects_xAngle=-0.025_hiDiv_5.0821.eicrecon.tree.edm4eic.root,731
s3https://eics3.sdcc.bnl.gov:9000/eictest/EPIC/RECO/23.11.0/epic_craterlake/DIS/NC/10x100/minQ2=1/pythia8NCDIS_10x100_minQ2=1_beamEffects_xAngle=-0.025_hiDiv_3.0937.eicrecon.tree.edm4eic.root,731
s3https://eics3.sdcc.bnl.gov:9000/eictest/EPIC/RECO/23.11.0/epic_craterlake/DIS/NC/10x100/minQ2=1/pythia8NCDIS_10x100_minQ2=1_beamEffects_xAngle=-0.025_hiDiv_4.0954.eicrecon.tree.edm4eic.root,731
s3https://eics3.sdcc.bnl.gov:9000/eictest/EPIC/RECO/23.11.0/epic_craterlake/DIS/NC/10x100/minQ2=1/pythia8NCDIS_10x100_minQ2=1_beamEffects_xAngle=-0.025_hiDiv_2.0842.eicrecon.tree.edm4eic.root,731
s3https://eics3.sdcc.bnl.gov:9000/eictest/EPIC/RECO/23.11.0/epic_craterlake/DIS/NC/10x100/minQ2=1/pythia8NCDIS_10x100_minQ2=1_beamEffects_xAngle=-0.025_hiDiv_1.1232.eicrecon.tree.edm4eic.root,731
s3https://eics3.sdcc.bnl.gov:9000/eictest/EPIC/RECO/23.11.0/epic_craterlake/DIS/NC/10x100/minQ2=1/pythia8NCDIS_10x100_minQ2=1_beamEffects_xAngle=-0.025_hiDiv_1.1005.eicrecon.tree.edm4eic.root,731
s3https://eics3.sdcc.bnl.gov:9000/eictest/EPIC/RECO/23.11.0/epic_craterlake/DIS/NC/10x100/minQ2=1/pythia8NCDIS_10x100_minQ2=1_beamEffects_xAngle=-0.025_hiDiv_1.0956.eicrecon.tree.edm4eic.root,731
s3https://eics3.sdcc.bnl.gov:9000/eictest/EPIC/RECO/23.11.0/epic_craterlake/DIS/NC/10x100/minQ2=1/pythia8NCDIS_10x100_minQ2=1_beamEffects_xAngle=-0.025_hiDiv_5.1345.eicrecon.tree.edm4eic.root,731
s3https://eics3.sdcc.bnl.gov:9000/eictest/EPIC/RECO/23.11.0/epic_craterlake/DIS/NC/10x100/minQ2=1/pythia8NCDIS_10x100_minQ2=1_beamEffects_xAngle=-0.025_hiDiv_3.1253.eicrecon.tree.edm4eic.root,731
s3https://eics3.sdcc.bnl.gov:9000/eictest/EPIC/RECO/23.11.0/epic_craterlake/DIS/NC/10x100/minQ2=1/pythia8NCDIS_10x100_minQ2=1_beamEffects_xAngle=-0.025_hiDiv_4.1230.eicrecon.tree.edm4eic.root,731
s3https://eics3.sdcc.bnl.gov:9000/eictest/EPIC/RECO/23.11.0/epic_craterlake/DIS/NC/10x100/minQ2=1/pythia8NCDIS_10x100_minQ2=1_beamEffects_xAngle=-0.025_hiDiv_2.1326.eicrecon.tree.edm4eic.root,731
s3https://eics3.sdcc.bnl.gov:9000/eictest/EPIC/RECO/23.11.0/epic_craterlake/DIS/NC/10x100/minQ2=1/pythia8NCDIS_10x100_minQ2=1_beamEffects_xAngle=-0.025_hiDiv_2.0339.eicrecon.tree.edm4eic.root,731
s3https://eics3.sdcc.bnl.gov:9000/eictest/EPIC/RECO/23.11.0/epic_craterlake/DIS/NC/10x100/minQ2=1/pythia8NCDIS_10x100_minQ2=1_beamEffects_xAngle=-0.025_hiDiv_4.0293.eicrecon.tree.edm4eic.root,731
s3https://eics3.sdcc.bnl.gov:9000/eictest/EPIC/RECO/23.11.0/epic_craterlake/DIS/NC/10x100/minQ2=1/pythia8NCDIS_10x100_minQ2=1_beamEffects_xAngle=-0.025_hiDiv_2.0385.eicrecon.tree.edm4eic.root,731
s3https://eics3.sdcc.bnl.gov:9000/eictest/EPIC/RECO/23.11.0/epic_craterlake/DIS/NC/10x100/minQ2=1/pythia8NCDIS_10x100_minQ2=1_beamEffects_xAngle=-0.025_hiDiv_2.0469.eicrecon.tree.edm4eic.root,731
s3https://eics3.sdcc.bnl.gov:9000/eictest/EPIC/RECO/23.11.0/epic_craterlake/DIS/NC/10x100/minQ2=1/pythia8NCDIS_10x100_minQ2=1_beamEffects_xAngle=-0.025_hiDiv_5.0649.eicrecon.tree.edm4eic.root,731
s3https://eics3.sdcc.bnl.gov:9000/eictest/EPIC/RECO/23.11.0/epic_craterlake/DIS/NC/10x100/minQ2=1/pythia8NCDIS_10x100_minQ2=1_beamEffects_xAngle=-0.025_hiDiv_1.0509.eicrecon.tree.edm4eic.root,731
s3https://eics3.sdcc.bnl.gov:9000/eictest/EPIC/RECO/23.11.0/epic_craterlake/DIS/NC/10x100/minQ2=1/pythia8NCDIS_10x100_minQ2=1_beamEffects_xAngle=-0.025_hiDiv_2.0696.eicrecon.tree.edm4eic.root,731
s3https://eics3.sdcc.bnl.gov:9000/eictest/EPIC/RECO/23.11.0/epic_craterlake/DIS/NC/10x100/minQ2=1/pythia8NCDIS_10x100_minQ2=1_beamEffects_xAngle=-0.025_hiDiv_4.0780.eicrecon.tree.edm4eic.root,731
s3https://eics3.sdcc.bnl.gov:9000/eictest/EPIC/RECO/23.11.0/epic_craterlake/DIS/NC/10x100/minQ2=1/pythia8NCDIS_10x100_minQ2=1_beamEffects_xAngle=-0.025_hiDiv_1.0259.eicrecon.tree.edm4eic.root,731
s3https://eics3.sdcc.bnl.gov:9000/eictest/EPIC/RECO/23.11.0/epic_craterlake/DIS/NC/10x100/minQ2=1/pythia8NCDIS_10x100_minQ2=1_beamEffects_xAngle=-0.025_hiDiv_5.0119.eicrecon.tree.edm4eic.root,731
s3https://eics3.sdcc.bnl.gov:9000/eictest/EPIC/RECO/23.11.0/epic_craterlake/DIS/NC/10x100/minQ2=1/pythia8NCDIS_10x100_minQ2=1_beamEffects_xAngle=-0.025_hiDiv_4.1073.eicrecon.tree.edm4eic.root,731
s3https://eics3.sdcc.bnl.gov:9000/eictest/EPIC/RECO/23.11.0/epic_craterlake/DIS/NC/10x100/minQ2=1/pythia8NCDIS_10x100_minQ2=1_beamEffects_xAngle=-0.025_hiDiv_2.1165.eicrecon.tree.edm4eic.root,731
s3https://eics3.sdcc.bnl.gov:9000/eictest/EPIC/RECO/23.11.0/epic_craterlake/DIS/NC/10x100/minQ2=1/pythia8NCDIS_10x100_minQ2=1_beamEffects_xAngle=-0.025_hiDiv_5.1106.eicrecon.tree.edm4eic.root,731
s3https://eics3.sdcc.bnl.gov:9000/eictest/EPIC/RECO/23.11.0/epic_craterlake/DIS/NC/10x100/minQ2=1/pythia8NCDIS_10x100_minQ2=1_beamEffects_xAngle=-0.025_hiDiv_3.1010.eicrecon.tree.edm4eic.root,731
s3https://eics3.sdcc.bnl.gov:9000/eictest/EPIC/RECO/23.11.0/epic_craterlake/DIS/NC/10x100/minQ2=1/pythia8NCDIS_10x100_minQ2=1_beamEffects_xAngle=-0.025_hiDiv_1.1246.eicrecon.tree.edm4eic.root,731
s3https://eics3.sdcc.bnl.gov:9000/eictest/EPIC/RECO/23.11.0/epic_craterlake/DIS/NC/10x100/minQ2=1/pythia8NCDIS_10x100_minQ2=1_beamEffects_xAngle=-0.025_hiDiv_4.0920.eicrecon.tree.edm4eic.root,731
s3https://eics3.sdcc.bnl.gov:9000/eictest/EPIC/RECO/23.11.0/epic_craterlake/DIS/NC/10x100/minQ2=1/pythia8NCDIS_10x100_minQ2=1_beamEffects_xAngle=-0.025_hiDiv_2.0836.eicrecon.tree.edm4eic.root,731
s3https://eics3.sdcc.bnl.gov:9000/eictest/EPIC/RECO/23.11.0/epic_craterlake/DIS/NC/10x100/minQ2=1/pythia8NCDIS_10x100_minQ2=1_beamEffects_xAngle=-0.025_hiDiv_5.0855.eicrecon.tree.edm4eic.root,731
s3https://eics3.sdcc.bnl.gov:9000/eictest/EPIC/RECO/23.11.0/epic_craterlake/DIS/NC/10x100/minQ2=1/pythia8NCDIS_10x100_minQ2=1_beamEffects_xAngle=-0.025_hiDiv_3.0943.eicrecon.tree.edm4eic.root,731
s3https://eics3.sdcc.bnl.gov:9000/eictest/EPIC/RECO/23.11.0/epic_craterlake/DIS/NC/10x100/minQ2=1/pythia8NCDIS_10x100_minQ2=1_beamEffects_xAngle=-0.025_hiDiv_1.1071.eicrecon.tree.edm4eic.root,731
s3https://eics3.sdcc.bnl.gov:9000/eictest/EPIC/RECO/23.11.0/epic_craterlake/DIS/NC/10x100/minQ2=1/pythia8NCDIS_10x100_minQ2=1_beamEffects_xAngle=-0.025_hiDiv_4.1244.eicrecon.tree.edm4eic.root,731
s3https://eics3.sdcc.bnl.gov:9000/eictest/EPIC/RECO/23.11.0/epic_craterlake/DIS/NC/10x100/minQ2=1/pythia8NCDIS_10x100_minQ2=1_beamEffects_xAngle=-0.025_hiDiv_2.1352.eicrecon.tree.edm4eic.root,731
s3https://eics3.sdcc.bnl.gov:9000/eictest/EPIC/RECO/23.11.0/epic_craterlake/DIS/NC/10x100/minQ2=1/pythia8NCDIS_10x100_minQ2=1_beamEffects_xAngle=-0.025_hiDiv_5.1331.eicrecon.tree.edm4eic.root,731
s3https://eics3.sdcc.bnl.gov:9000/eictest/EPIC/RECO/23.11.0/epic_craterlake/DIS/NC/10x100/minQ2=1/pythia8NCDIS_10x100_minQ2=1_beamEffects_xAngle=-0.025_hiDiv_3.1227.eicrecon.tree.edm4eic.root,731
s3https://eics3.sdcc.bnl.gov:9000/eictest/EPIC/RECO/23.11.0/epic_craterlake/DIS/NC/10x100/minQ2=1/pythia8NCDIS_10x100_minQ2=1_beamEffects_xAngle=-0.025_hiDiv_1.0922.eicrecon.tree.edm4eic.root,731
s3https://eics3.sdcc.bnl.gov:9000/eictest/EPIC/RECO/23.11.0/epic_craterlake/DIS/NC/10x100/minQ2=1/pythia8NCDIS_10x100_minQ2=1_beamEffects_xAngle=-0.025_hiDiv_3.0238.eicrecon.tree.edm4eic.root,731
s3https://eics3.sdcc.bnl.gov:9000/eictest/EPIC/RECO/23.11.0/epic_craterlake/DIS/NC/10x100/minQ2=1/pythia8NCDIS_10x100_minQ2=1_beamEffects_xAngle=-0.025_hiDiv_5.0392.eicrecon.tree.edm4eic.root,731
s3https://eics3.sdcc.bnl.gov:9000/eictest/EPIC/RECO/23.11.0/epic_craterlake/DIS/NC/10x100/minQ2=1/pythia8NCDIS_10x100_minQ2=1_beamEffects_xAngle=-0.025_hiDiv_3.0284.eicrecon.tree.edm4eic.root,731
